CELL_LAT,CELL_LON,COORDINATES_LAT,COORDINATES_LON,IS_FIRE,CELL_WIDTH,CELL_LENGTH
45.25,-74.5,0,20,0.8,27.829,19.635
45.25,-74.25,0,21,0.1,27.829,19.635
45.25,-74.0,0,22,0.0,27.829,19.635
45.25,-73.75,0,23,0.4,27.829,19.635
45.25,-73.5,0,24,0.1,27.829,19.635
45.25,-73.25,0,25,0.0,27.829,19.635
45.25,-73.0,0,26,0.0,27.829,19.635
45.25,-72.75,0,27,0.7,27.829,19.635
45.25,-72.5,0,28,1.0,27.829,19.635
45.25,-72.25,0,29,0.1,27.829,19.635
45.25,-72.0,0,30,0.1,27.829,19.635
45.25,-71.75,0,31,0.0,27.829,19.635
45.25,-71.5,0,32,0.8,27.829,19.635
45.25,-71.25,0,33,0.5,27.829,19.635
45.25,-71.0,0,34,1.0,27.829,19.635
45.25,-70.75,0,35,0.0,27.829,19.635
45.5,-76.75,1,11,0.2,27.829,19.549
45.5,-76.5,1,12,0.0,27.829,19.549
45.5,-76.25,1,13,1.0,27.829,19.549
45.5,-76.0,1,14,0.6,27.829,19.549
45.5,-75.75,1,15,0.3,27.829,19.549
45.5,-75.5,1,16,0.2,27.829,19.549
45.5,-75.25,1,17,0.3,27.829,19.549
45.5,-75.0,1,18,0.1,27.829,19.549
45.5,-74.5,1,20,0.2,27.829,19.549
45.5,-74.25,1,21,0.5,27.829,19.549
45.5,-74.0,1,22,0.0,27.829,19.549
45.5,-73.75,1,23,0.3,27.829,19.549
45.5,-73.5,1,24,0.2,27.829,19.549
45.5,-73.25,1,25,1.0,27.829,19.549
45.5,-73.0,1,26,0.5,27.829,19.549
45.5,-72.75,1,27,0.2,27.829,19.549
45.5,-72.5,1,28,0.3,27.829,19.549
45.5,-72.25,1,29,0.9,27.829,19.549
45.5,-72.0,1,30,0.4,27.829,19.549
45.5,-71.75,1,31,0.4,27.829,19.549
45.5,-71.5,1,32,1.0,27.829,19.549
45.5,-71.25,1,33,0.9,27.829,19.549
45.5,-71.0,1,34,0.0,27.829,19.549
45.5,-70.75,1,35,0.0,27.829,19.549
45.5,-70.5,1,36,0.7,27.829,19.549
45.75,-77.25,2,9,0.0,27.829,19.462
45.75,-77.0,2,10,0.6,27.829,19.462
45.75,-76.75,2,11,0.0,27.829,19.462
45.75,-76.5,2,12,0.7,27.829,19.462
45.75,-76.25,2,13,0.9,27.829,19.462
45.75,-76.0,2,14,0.1,27.829,19.462
45.75,-75.75,2,15,0.2,27.829,19.462
45.75,-75.5,2,16,0.6,27.829,19.462
45.75,-75.25,2,17,0.1,27.829,19.462
45.75,-75.0,2,18,0.3,27.829,19.462
45.75,-74.75,2,19,0.4,27.829,19.462
45.75,-74.5,2,20,0.7,27.829,19.462
45.75,-74.25,2,21,0.8,27.829,19.462
45.75,-74.0,2,22,0.1,27.829,19.462
45.75,-73.75,2,23,0.0,27.829,19.462
45.75,-73.5,2,24,0.8,27.829,19.462
45.75,-73.25,2,25,0.5,27.829,19.462
45.75,-73.0,2,26,0.5,27.829,19.462
45.75,-72.75,2,27,0.1,27.829,19.462
45.75,-72.5,2,28,0.0,27.829,19.462
45.75,-72.25,2,29,0.7,27.829,19.462
45.75,-72.0,2,30,0.4,27.829,19.462
45.75,-71.75,2,31,0.6,27.829,19.462
45.75,-71.5,2,32,0.0,27.829,19.462
45.75,-71.25,2,33,0.1,27.829,19.462
45.75,-71.0,2,34,0.6,27.829,19.462
45.75,-70.75,2,35,0.3,27.829,19.462
45.75,-70.5,2,36,1.0,27.829,19.462
45.75,-70.25,2,37,0.6,27.829,19.462
46.0,-77.5,3,8,0.0,27.829,19.375
46.0,-77.25,3,9,0.9,27.829,19.375
46.0,-77.0,3,10,0.6,27.829,19.375
46.0,-76.75,3,11,0.4,27.829,19.375
46.0,-76.5,3,12,0.1,27.829,19.375
46.0,-76.25,3,13,0.6,27.829,19.375
46.0,-76.0,3,14,0.8,27.829,19.375
46.0,-75.75,3,15,0.0,27.829,19.375
46.0,-75.5,3,16,0.0,27.829,19.375
46.0,-75.25,3,17,0.8,27.829,19.375
46.0,-75.0,3,18,0.2,27.829,19.375
46.0,-74.75,3,19,0.7,27.829,19.375
46.0,-74.5,3,20,0.0,27.829,19.375
46.0,-74.25,3,21,0.5,27.829,19.375
46.0,-74.0,3,22,0.7,27.829,19.375
46.0,-73.75,3,23,1.0,27.829,19.375
46.0,-73.5,3,24,0.8,27.829,19.375
46.0,-73.25,3,25,0.7,27.829,19.375
46.0,-73.0,3,26,0.8,27.829,19.375
46.0,-72.75,3,27,0.8,27.829,19.375
46.0,-72.5,3,28,0.8,27.829,19.375
46.0,-72.25,3,29,0.7,27.829,19.375
46.0,-72.0,3,30,0.1,27.829,19.375
46.0,-71.75,3,31,0.6,27.829,19.375
46.0,-71.5,3,32,1.0,27.829,19.375
46.0,-71.25,3,33,0.7,27.829,19.375
46.0,-71.0,3,34,0.8,27.829,19.375
46.0,-70.75,3,35,1.0,27.829,19.375
46.0,-70.5,3,36,0.5,27.829,19.375
46.0,-70.25,3,37,0.9,27.829,19.375
46.25,-78.75,4,3,1.0,27.829,19.288
46.25,-78.5,4,4,0.1,27.829,19.288
46.25,-78.25,4,5,0.0,27.829,19.288
46.25,-78.0,4,6,0.1,27.829,19.288
46.25,-77.75,4,7,0.8,27.829,19.288
46.25,-77.5,4,8,0.5,27.829,19.288
46.25,-77.25,4,9,0.1,27.829,19.288
46.25,-77.0,4,10,0.0,27.829,19.288
46.25,-76.75,4,11,0.9,27.829,19.288
46.25,-76.5,4,12,0.1,27.829,19.288
46.25,-76.25,4,13,0.6,27.829,19.288
46.25,-76.0,4,14,0.6,27.829,19.288
46.25,-75.75,4,15,1.0,27.829,19.288
46.25,-75.5,4,16,0.4,27.829,19.288
46.25,-75.25,4,17,0.0,27.829,19.288
46.25,-75.0,4,18,0.1,27.829,19.288
46.25,-74.75,4,19,0.8,27.829,19.288
46.25,-74.5,4,20,0.8,27.829,19.288
46.25,-74.25,4,21,0.2,27.829,19.288
46.25,-74.0,4,22,0.5,27.829,19.288
46.25,-73.75,4,23,0.9,27.829,19.288
46.25,-73.5,4,24,0.5,27.829,19.288
46.25,-73.25,4,25,0.4,27.829,19.288
46.25,-73.0,4,26,0.5,27.829,19.288
46.25,-72.75,4,27,0.8,27.829,19.288
46.25,-72.5,4,28,0.8,27.829,19.288
46.25,-72.25,4,29,0.0,27.829,19.288
46.25,-72.0,4,30,1.0,27.829,19.288
46.25,-71.75,4,31,0.4,27.829,19.288
46.25,-71.5,4,32,0.0,27.829,19.288
46.25,-71.25,4,33,0.0,27.829,19.288
46.25,-71.0,4,34,0.5,27.829,19.288
46.25,-70.75,4,35,0.5,27.829,19.288
46.25,-70.5,4,36,0.0,27.829,19.288
46.25,-70.25,4,37,0.4,27.829,19.288
46.5,-79.0,5,2,0.0,27.829,19.2
46.5,-78.75,5,3,0.3,27.829,19.2
46.5,-78.5,5,4,0.1,27.829,19.2
46.5,-78.25,5,5,0.7,27.829,19.2
46.5,-78.0,5,6,0.2,27.829,19.2
46.5,-77.75,5,7,0.1,27.829,19.2
46.5,-77.5,5,8,0.8,27.829,19.2
46.5,-77.25,5,9,0.3,27.829,19.2
46.5,-77.0,5,10,0.9,27.829,19.2
46.5,-76.75,5,11,0.0,27.829,19.2
46.5,-76.5,5,12,0.1,27.829,19.2
46.5,-76.25,5,13,0.2,27.829,19.2
46.5,-76.0,5,14,0.5,27.829,19.2
46.5,-75.75,5,15,0.6,27.829,19.2
46.5,-75.5,5,16,0.0,27.829,19.2
46.5,-75.25,5,17,0.5,27.829,19.2
46.5,-75.0,5,18,0.7,27.829,19.2
46.5,-74.75,5,19,0.0,27.829,19.2
46.5,-74.5,5,20,1.0,27.829,19.2
46.5,-74.25,5,21,1.0,27.829,19.2
46.5,-74.0,5,22,0.4,27.829,19.2
46.5,-73.75,5,23,0.3,27.829,19.2
46.5,-73.5,5,24,0.6,27.829,19.2
46.5,-73.25,5,25,0.7,27.829,19.2
46.5,-73.0,5,26,1.0,27.829,19.2
46.5,-72.75,5,27,0.0,27.829,19.2
46.5,-72.5,5,28,0.4,27.829,19.2
46.5,-72.25,5,29,0.9,27.829,19.2
46.5,-72.0,5,30,0.0,27.829,19.2
46.5,-71.75,5,31,0.7,27.829,19.2
46.5,-71.5,5,32,0.1,27.829,19.2
46.5,-71.25,5,33,0.0,27.829,19.2
46.5,-71.0,5,34,0.9,27.829,19.2
46.5,-70.75,5,35,1.0,27.829,19.2
46.5,-70.5,5,36,0.4,27.829,19.2
46.5,-70.25,5,37,0.9,27.829,19.2
46.5,-70.0,5,38,0.3,27.829,19.2
46.75,-79.25,6,1,0.0,27.829,19.112
46.75,-79.0,6,2,0.1,27.829,19.112
46.75,-78.75,6,3,0.0,27.829,19.112
46.75,-78.5,6,4,0.9,27.829,19.112
46.75,-78.25,6,5,0.5,27.829,19.112
46.75,-78.0,6,6,1.0,27.829,19.112
46.75,-77.75,6,7,0.8,27.829,19.112
46.75,-77.5,6,8,0.2,27.829,19.112
46.75,-77.25,6,9,0.0,27.829,19.112
46.75,-77.0,6,10,0.3,27.829,19.112
46.75,-76.75,6,11,0.6,27.829,19.112
46.75,-76.5,6,12,0.7,27.829,19.112
46.75,-76.25,6,13,0.6,27.829,19.112
46.75,-76.0,6,14,0.5,27.829,19.112
46.75,-75.75,6,15,1.0,27.829,19.112
46.75,-75.5,6,16,0.4,27.829,19.112
46.75,-75.25,6,17,0.0,27.829,19.112
46.75,-75.0,6,18,0.0,27.829,19.112
46.75,-74.75,6,19,0.9,27.829,19.112
46.75,-74.5,6,20,0.6,27.829,19.112
46.75,-74.25,6,21,0.0,27.829,19.112
46.75,-74.0,6,22,0.7,27.829,19.112
46.75,-73.75,6,23,0.4,27.829,19.112
46.75,-73.5,6,24,1.0,27.829,19.112
46.75,-73.25,6,25,0.9,27.829,19.112
46.75,-73.0,6,26,0.3,27.829,19.112
46.75,-72.75,6,27,0.3,27.829,19.112
46.75,-72.5,6,28,0.7,27.829,19.112
46.75,-72.25,6,29,0.9,27.829,19.112
46.75,-72.0,6,30,0.9,27.829,19.112
46.75,-71.75,6,31,0.3,27.829,19.112
46.75,-71.5,6,32,0.0,27.829,19.112
46.75,-71.25,6,33,0.5,27.829,19.112
46.75,-71.0,6,34,0.5,27.829,19.112
46.75,-70.75,6,35,0.7,27.829,19.112
46.75,-70.5,6,36,0.3,27.829,19.112
46.75,-70.25,6,37,0.4,27.829,19.112
46.75,-70.0,6,38,0.9,27.829,19.112
46.75,-69.75,6,39,0.0,27.829,19.112
47.0,-79.5,7,0,0.1,27.829,19.024
47.0,-79.25,7,1,0.5,27.829,19.024
47.0,-79.0,7,2,0.7,27.829,19.024
47.0,-78.75,7,3,1.0,27.829,19.024
47.0,-78.5,7,4,0.0,27.829,19.024
47.0,-78.25,7,5,0.6,27.829,19.024
47.0,-78.0,7,6,0.1,27.829,19.024
47.0,-77.75,7,7,0.4,27.829,19.024
47.0,-77.5,7,8,0.3,27.829,19.024
47.0,-77.25,7,9,0.0,27.829,19.024
47.0,-77.0,7,10,0.3,27.829,19.024
47.0,-76.75,7,11,0.5,27.829,19.024
47.0,-76.5,7,12,0.0,27.829,19.024
47.0,-76.25,7,13,1.0,27.829,19.024
47.0,-76.0,7,14,0.4,27.829,19.024
47.0,-75.75,7,15,0.0,27.829,19.024
47.0,-75.5,7,16,0.6,27.829,19.024
47.0,-75.25,7,17,0.9,27.829,19.024
47.0,-75.0,7,18,0.8,27.829,19.024
47.0,-74.75,7,19,0.2,27.829,19.024
47.0,-74.5,7,20,0.5,27.829,19.024
47.0,-74.25,7,21,0.4,27.829,19.024
47.0,-74.0,7,22,0.4,27.829,19.024
47.0,-73.75,7,23,0.3,27.829,19.024
47.0,-73.5,7,24,0.5,27.829,19.024
47.0,-73.25,7,25,0.6,27.829,19.024
47.0,-73.0,7,26,0.3,27.829,19.024
47.0,-72.75,7,27,0.7,27.829,19.024
47.0,-72.5,7,28,0.0,27.829,19.024
47.0,-72.25,7,29,1.0,27.829,19.024
47.0,-72.0,7,30,0.8,27.829,19.024
47.0,-71.75,7,31,0.2,27.829,19.024
47.0,-71.5,7,32,0.0,27.829,19.024
47.0,-71.25,7,33,0.3,27.829,19.024
47.0,-71.0,7,34,0.7,27.829,19.024
47.0,-70.75,7,35,1.0,27.829,19.024
47.0,-70.5,7,36,0.1,27.829,19.024
47.0,-70.25,7,37,0.8,27.829,19.024
47.0,-70.0,7,38,0.4,27.829,19.024
47.0,-69.75,7,39,0.2,27.829,19.024
47.0,-69.5,7,40,1.0,27.829,19.024
47.25,-79.5,8,0,0.0,27.829,18.935
47.25,-79.25,8,1,0.4,27.829,18.935
47.25,-79.0,8,2,0.0,27.829,18.935
47.25,-78.75,8,3,0.0,27.829,18.935
47.25,-78.5,8,4,0.4,27.829,18.935
47.25,-78.25,8,5,0.5,27.829,18.935
47.25,-78.0,8,6,0.9,27.829,18.935
47.25,-77.75,8,7,0.1,27.829,18.935
47.25,-77.5,8,8,0.6,27.829,18.935
47.25,-77.25,8,9,1.0,27.829,18.935
47.25,-77.0,8,10,0.0,27.829,18.935
47.25,-76.75,8,11,0.7,27.829,18.935
47.25,-76.5,8,12,0.4,27.829,18.935
47.25,-76.25,8,13,0.1,27.829,18.935
47.25,-76.0,8,14,0.0,27.829,18.935
47.25,-75.75,8,15,0.6,27.829,18.935
47.25,-75.5,8,16,0.1,27.829,18.935
47.25,-75.25,8,17,0.0,27.829,18.935
47.25,-75.0,8,18,0.2,27.829,18.935
47.25,-74.75,8,19,0.0,27.829,18.935
47.25,-74.5,8,20,0.9,27.829,18.935
47.25,-74.25,8,21,0.3,27.829,18.935
47.25,-74.0,8,22,0.8,27.829,18.935
47.25,-73.75,8,23,0.0,27.829,18.935
47.25,-73.5,8,24,0.8,27.829,18.935
47.25,-73.25,8,25,0.4,27.829,18.935
47.25,-73.0,8,26,0.7,27.829,18.935
47.25,-72.75,8,27,0.6,27.829,18.935
47.25,-72.5,8,28,0.4,27.829,18.935
47.25,-72.25,8,29,0.0,27.829,18.935
47.25,-72.0,8,30,0.3,27.829,18.935
47.25,-71.75,8,31,0.9,27.829,18.935
47.25,-71.5,8,32,0.5,27.829,18.935
47.25,-71.25,8,33,1.0,27.829,18.935
47.25,-71.0,8,34,1.0,27.829,18.935
47.25,-70.75,8,35,0.9,27.829,18.935
47.25,-70.5,8,36,0.0,27.829,18.935
47.25,-70.0,8,38,0.0,27.829,18.935
47.25,-69.75,8,39,0.0,27.829,18.935
47.25,-69.5,8,40,0.6,27.829,18.935
47.25,-69.25,8,41,0.2,27.829,18.935
47.25,-69.0,8,42,1.0,27.829,18.935
47.25,-68.75,8,43,1.0,27.829,18.935
47.5,-79.5,9,0,0.8,27.829,18.846
47.5,-79.25,9,1,0.2,27.829,18.846
47.5,-79.0,9,2,0.5,27.829,18.846
47.5,-78.75,9,3,0.2,27.829,18.846
47.5,-78.5,9,4,0.8,27.829,18.846
47.5,-78.25,9,5,0.0,27.829,18.846
47.5,-78.0,9,6,1.0,27.829,18.846
47.5,-77.75,9,7,0.4,27.829,18.846
47.5,-77.5,9,8,0.6,27.829,18.846
47.5,-77.25,9,9,0.0,27.829,18.846
47.5,-77.0,9,10,0.3,27.829,18.846
47.5,-76.75,9,11,0.2,27.829,18.846
47.5,-76.5,9,12,0.0,27.829,18.846
47.5,-76.25,9,13,0.0,27.829,18.846
47.5,-76.0,9,14,0.9,27.829,18.846
47.5,-75.75,9,15,1.0,27.829,18.846
47.5,-75.5,9,16,1.0,27.829,18.846
47.5,-75.25,9,17,0.6,27.829,18.846
47.5,-75.0,9,18,0.5,27.829,18.846
47.5,-74.75,9,19,0.4,27.829,18.846
47.5,-74.5,9,20,0.9,27.829,18.846
47.5,-74.25,9,21,0.3,27.829,18.846
47.5,-74.0,9,22,0.4,27.829,18.846
47.5,-73.75,9,23,1.0,27.829,18.846
47.5,-73.5,9,24,0.4,27.829,18.846
47.5,-73.25,9,25,0.9,27.829,18.846
47.5,-73.0,9,26,0.5,27.829,18.846
47.5,-72.75,9,27,0.0,27.829,18.846
47.5,-72.5,9,28,0.0,27.829,18.846
47.5,-72.25,9,29,0.0,27.829,18.846
47.5,-72.0,9,30,0.2,27.829,18.846
47.5,-71.75,9,31,0.0,27.829,18.846
47.5,-71.5,9,32,0.1,27.829,18.846
47.5,-71.25,9,33,0.1,27.829,18.846
47.5,-71.0,9,34,0.0,27.829,18.846
47.5,-70.75,9,35,1.0,27.829,18.846
47.5,-70.5,9,36,0.8,27.829,18.846
47.5,-70.25,9,37,0.9,27.829,18.846
47.5,-70.0,9,38,0.2,27.829,18.846
47.5,-69.75,9,39,0.1,27.829,18.846
47.5,-69.5,9,40,0.9,27.829,18.846
47.5,-69.25,9,41,0.2,27.829,18.846
47.5,-69.0,9,42,0.4,27.829,18.846
47.5,-68.75,9,43,0.0,27.829,18.846
47.5,-68.5,9,44,0.1,27.829,18.846
47.75,-79.5,10,0,0.0,27.829,18.756
47.75,-79.25,10,1,0.2,27.829,18.756
47.75,-79.0,10,2,0.0,27.829,18.756
47.75,-78.75,10,3,0.8,27.829,18.756
47.75,-78.5,10,4,0.0,27.829,18.756
47.75,-78.25,10,5,0.1,27.829,18.756
47.75,-78.0,10,6,0.8,27.829,18.756
47.75,-77.75,10,7,0.9,27.829,18.756
47.75,-77.5,10,8,0.0,27.829,18.756
47.75,-77.25,10,9,0.5,27.829,18.756
47.75,-77.0,10,10,0.6,27.829,18.756
47.75,-76.75,10,11,0.0,27.829,18.756
47.75,-76.5,10,12,0.1,27.829,18.756
47.75,-76.25,10,13,0.7,27.829,18.756
47.75,-76.0,10,14,1.0,27.829,18.756
47.75,-75.75,10,15,0.3,27.829,18.756
47.75,-75.5,10,16,0.7,27.829,18.756
47.75,-75.25,10,17,0.4,27.829,18.756
47.75,-75.0,10,18,0.6,27.829,18.756
47.75,-74.75,10,19,0.3,27.829,18.756
47.75,-74.5,10,20,0.3,27.829,18.756
47.75,-74.25,10,21,0.9,27.829,18.756
47.75,-74.0,10,22,1.0,27.829,18.756
47.75,-73.75,10,23,0.3,27.829,18.756
47.75,-73.5,10,24,0.2,27.829,18.756
47.75,-73.25,10,25,0.9,27.829,18.756
47.75,-73.0,10,26,0.5,27.829,18.756
47.75,-72.75,10,27,0.3,27.829,18.756
47.75,-72.5,10,28,0.4,27.829,18.756
47.75,-72.25,10,29,0.7,27.829,18.756
47.75,-72.0,10,30,0.5,27.829,18.756
47.75,-71.75,10,31,1.0,27.829,18.756
47.75,-71.5,10,32,0.1,27.829,18.756
47.75,-71.25,10,33,0.4,27.829,18.756
47.75,-71.0,10,34,0.6,27.829,18.756
47.75,-70.75,10,35,0.0,27.829,18.756
47.75,-70.5,10,36,0.0,27.829,18.756
47.75,-70.25,10,37,0.1,27.829,18.756
47.75,-70.0,10,38,0.9,27.829,18.756
47.75,-69.75,10,39,0.1,27.829,18.756
47.75,-69.5,10,40,0.7,27.829,18.756
47.75,-69.25,10,41,1.0,27.829,18.756
47.75,-69.0,10,42,0.1,27.829,18.756
47.75,-68.75,10,43,0.9,27.829,18.756
47.75,-68.5,10,44,0.3,27.829,18.756
47.75,-67.5,10,48,0.7,27.829,18.756
47.75,-67.25,10,49,1.0,27.829,18.756
48.0,-79.5,11,0,0.9,27.829,18.666
48.0,-79.25,11,1,0.6,27.829,18.666
48.0,-79.0,11,2,0.1,27.829,18.666
48.0,-78.75,11,3,0.4,27.829,18.666
48.0,-78.5,11,4,0.8,27.829,18.666
48.0,-78.25,11,5,0.7,27.829,18.666
48.0,-78.0,11,6,0.1,27.829,18.666
48.0,-77.75,11,7,0.6,27.829,18.666
48.0,-77.5,11,8,0.2,27.829,18.666
48.0,-77.25,11,9,0.8,27.829,18.666
48.0,-77.0,11,10,0.4,27.829,18.666
48.0,-76.75,11,11,0.0,27.829,18.666
48.0,-76.5,11,12,1.0,27.829,18.666
48.0,-76.25,11,13,0.4,27.829,18.666
48.0,-76.0,11,14,0.6,27.829,18.666
48.0,-75.75,11,15,0.7,27.829,18.666
48.0,-75.5,11,16,0.7,27.829,18.666
48.0,-75.25,11,17,1.0,27.829,18.666
48.0,-75.0,11,18,0.1,27.829,18.666
48.0,-74.75,11,19,0.7,27.829,18.666
48.0,-74.5,11,20,0.1,27.829,18.666
48.0,-74.25,11,21,0.6,27.829,18.666
48.0,-74.0,11,22,0.9,27.829,18.666
48.0,-73.75,11,23,0.6,27.829,18.666
48.0,-73.5,11,24,0.0,27.829,18.666
48.0,-73.25,11,25,0.0,27.829,18.666
48.0,-73.0,11,26,0.2,27.829,18.666
48.0,-72.75,11,27,0.9,27.829,18.666
48.0,-72.5,11,28,0.5,27.829,18.666
48.0,-72.25,11,29,0.8,27.829,18.666
48.0,-72.0,11,30,0.0,27.829,18.666
48.0,-71.75,11,31,0.2,27.829,18.666
48.0,-71.5,11,32,0.2,27.829,18.666
48.0,-71.25,11,33,0.4,27.829,18.666
48.0,-71.0,11,34,0.0,27.829,18.666
48.0,-70.75,11,35,0.4,27.829,18.666
48.0,-70.5,11,36,0.3,27.829,18.666
48.0,-70.25,11,37,0.3,27.829,18.666
48.0,-70.0,11,38,0.0,27.829,18.666
48.0,-69.75,11,39,0.0,27.829,18.666
48.0,-69.5,11,40,0.0,27.829,18.666
48.0,-69.25,11,41,0.3,27.829,18.666
48.0,-69.0,11,42,0.6,27.829,18.666
48.0,-68.75,11,43,0.2,27.829,18.666
48.0,-68.5,11,44,0.4,27.829,18.666
48.0,-68.25,11,45,0.9,27.829,18.666
48.0,-68.0,11,46,0.0,27.829,18.666
48.0,-67.75,11,47,0.3,27.829,18.666
48.0,-67.5,11,48,0.0,27.829,18.666
48.0,-67.25,11,49,0.0,27.829,18.666
48.0,-67.0,11,50,0.0,27.829,18.666
48.0,-66.75,11,51,0.5,27.829,18.666
48.0,-66.5,11,52,0.8,27.829,18.666
48.0,-66.25,11,53,0.2,27.829,18.666
48.0,-66.0,11,54,1.0,27.829,18.666
48.0,-65.75,11,55,0.1,27.829,18.666
48.0,-65.5,11,56,0.8,27.829,18.666
48.0,-65.25,11,57,0.7,27.829,18.666
48.0,-65.0,11,58,1.0,27.829,18.666
48.25,-79.5,12,0,0.0,27.829,18.576
48.25,-79.25,12,1,0.3,27.829,18.576
48.25,-79.0,12,2,0.4,27.829,18.576
48.25,-78.75,12,3,0.9,27.829,18.576
48.25,-78.5,12,4,0.1,27.829,18.576
48.25,-78.25,12,5,0.0,27.829,18.576
48.25,-78.0,12,6,0.7,27.829,18.576
48.25,-77.75,12,7,0.9,27.829,18.576
48.25,-77.5,12,8,0.2,27.829,18.576
48.25,-77.25,12,9,0.2,27.829,18.576
48.25,-77.0,12,10,0.3,27.829,18.576
48.25,-76.75,12,11,0.3,27.829,18.576
48.25,-76.5,12,12,0.1,27.829,18.576
48.25,-76.25,12,13,0.9,27.829,18.576
48.25,-76.0,12,14,0.1,27.829,18.576
48.25,-75.75,12,15,0.9,27.829,18.576
48.25,-75.5,12,16,0.1,27.829,18.576
48.25,-75.25,12,17,0.6,27.829,18.576
48.25,-75.0,12,18,0.9,27.829,18.576
48.25,-74.75,12,19,0.7,27.829,18.576
48.25,-74.5,12,20,0.2,27.829,18.576
48.25,-74.25,12,21,0.6,27.829,18.576
48.25,-74.0,12,22,0.9,27.829,18.576
48.25,-73.75,12,23,0.6,27.829,18.576
48.25,-73.5,12,24,0.0,27.829,18.576
48.25,-73.25,12,25,0.6,27.829,18.576
48.25,-73.0,12,26,0.0,27.829,18.576
48.25,-72.75,12,27,0.6,27.829,18.576
48.25,-72.5,12,28,0.3,27.829,18.576
48.25,-72.25,12,29,0.3,27.829,18.576
48.25,-72.0,12,30,0.2,27.829,18.576
48.25,-71.75,12,31,0.8,27.829,18.576
48.25,-71.5,12,32,0.6,27.829,18.576
48.25,-71.25,12,33,0.6,27.829,18.576
48.25,-71.0,12,34,0.3,27.829,18.576
48.25,-70.75,12,35,0.0,27.829,18.576
48.25,-70.5,12,36,0.9,27.829,18.576
48.25,-70.25,12,37,0.8,27.829,18.576
48.25,-70.0,12,38,0.2,27.829,18.576
48.25,-69.75,12,39,1.0,27.829,18.576
48.25,-69.5,12,40,0.4,27.829,18.576
48.25,-69.25,12,41,1.0,27.829,18.576
48.25,-68.75,12,43,0.6,27.829,18.576
48.25,-68.5,12,44,0.0,27.829,18.576
48.25,-68.25,12,45,0.0,27.829,18.576
48.25,-68.0,12,46,0.6,27.829,18.576
48.25,-67.75,12,47,0.9,27.829,18.576
48.25,-67.5,12,48,0.0,27.829,18.576
48.25,-67.25,12,49,0.5,27.829,18.576
48.25,-67.0,12,50,0.2,27.829,18.576
48.25,-66.75,12,51,0.8,27.829,18.576
48.25,-66.5,12,52,0.2,27.829,18.576
48.25,-66.25,12,53,0.3,27.829,18.576
48.25,-66.0,12,54,0.0,27.829,18.576
48.25,-65.75,12,55,1.0,27.829,18.576
48.25,-65.5,12,56,0.2,27.829,18.576
48.25,-65.25,12,57,0.9,27.829,18.576
48.25,-65.0,12,58,1.0,27.829,18.576
48.25,-64.75,12,59,0.2,27.829,18.576
48.5,-79.5,13,0,0.0,27.829,18.486
48.5,-79.25,13,1,0.1,27.829,18.486
48.5,-79.0,13,2,0.8,27.829,18.486
48.5,-78.75,13,3,0.5,27.829,18.486
48.5,-78.5,13,4,0.0,27.829,18.486
48.5,-78.25,13,5,0.0,27.829,18.486
48.5,-78.0,13,6,0.0,27.829,18.486
48.5,-77.75,13,7,1.0,27.829,18.486
48.5,-77.5,13,8,0.5,27.829,18.486
48.5,-77.25,13,9,0.8,27.829,18.486
48.5,-77.0,13,10,0.4,27.829,18.486
48.5,-76.75,13,11,0.2,27.829,18.486
48.5,-76.5,13,12,0.0,27.829,18.486
48.5,-76.25,13,13,0.0,27.829,18.486
48.5,-76.0,13,14,0.4,27.829,18.486
48.5,-75.75,13,15,0.0,27.829,18.486
48.5,-75.5,13,16,0.2,27.829,18.486
48.5,-75.25,13,17,0.7,27.829,18.486
48.5,-75.0,13,18,0.4,27.829,18.486
48.5,-74.75,13,19,0.4,27.829,18.486
48.5,-74.5,13,20,0.5,27.829,18.486
48.5,-74.25,13,21,0.2,27.829,18.486
48.5,-74.0,13,22,0.7,27.829,18.486
48.5,-73.75,13,23,0.0,27.829,18.486
48.5,-73.5,13,24,0.7,27.829,18.486
48.5,-73.25,13,25,0.9,27.829,18.486
48.5,-73.0,13,26,0.2,27.829,18.486
48.5,-72.75,13,27,0.8,27.829,18.486
48.5,-72.5,13,28,0.0,27.829,18.486
48.5,-72.25,13,29,0.7,27.829,18.486
48.5,-72.0,13,30,0.4,27.829,18.486
48.5,-71.75,13,31,0.7,27.829,18.486
48.5,-71.5,13,32,1.0,27.829,18.486
48.5,-71.25,13,33,0.9,27.829,18.486
48.5,-71.0,13,34,0.0,27.829,18.486
48.5,-70.75,13,35,0.7,27.829,18.486
48.5,-70.5,13,36,0.9,27.829,18.486
48.5,-70.25,13,37,0.4,27.829,18.486
48.5,-70.0,13,38,0.1,27.829,18.486
48.5,-69.75,13,39,0.0,27.829,18.486
48.5,-69.5,13,40,0.5,27.829,18.486
48.5,-69.25,13,41,0.3,27.829,18.486
48.5,-68.5,13,44,0.4,27.829,18.486
48.5,-68.25,13,45,0.0,27.829,18.486
48.5,-68.0,13,46,0.7,27.829,18.486
48.5,-67.75,13,47,0.6,27.829,18.486
48.5,-67.5,13,48,0.5,27.829,18.486
48.5,-67.25,13,49,0.5,27.829,18.486
48.5,-67.0,13,50,0.1,27.829,18.486
48.5,-66.75,13,51,0.5,27.829,18.486
48.5,-66.5,13,52,0.5,27.829,18.486
48.5,-66.25,13,53,0.0,27.829,18.486
48.5,-66.0,13,54,0.3,27.829,18.486
48.5,-65.75,13,55,0.7,27.829,18.486
48.5,-65.5,13,56,0.9,27.829,18.486
48.5,-65.25,13,57,1.0,27.829,18.486
48.5,-65.0,13,58,0.9,27.829,18.486
48.5,-64.75,13,59,0.7,27.829,18.486
48.5,-64.5,13,60,0.9,27.829,18.486
48.5,-64.25,13,61,0.0,27.829,18.486
48.75,-79.5,14,0,0.6,27.829,18.395
48.75,-79.25,14,1,0.5,27.829,18.395
48.75,-79.0,14,2,0.0,27.829,18.395
48.75,-78.75,14,3,0.2,27.829,18.395
48.75,-78.5,14,4,0.1,27.829,18.395
48.75,-78.25,14,5,1.0,27.829,18.395
48.75,-78.0,14,6,0.1,27.829,18.395
48.75,-77.75,14,7,0.2,27.829,18.395
48.75,-77.5,14,8,0.6,27.829,18.395
48.75,-77.25,14,9,0.0,27.829,18.395
48.75,-77.0,14,10,0.9,27.829,18.395
48.75,-76.75,14,11,0.5,27.829,18.395
48.75,-76.5,14,12,0.3,27.829,18.395
48.75,-76.25,14,13,0.7,27.829,18.395
48.75,-76.0,14,14,0.0,27.829,18.395
48.75,-75.75,14,15,0.9,27.829,18.395
48.75,-75.5,14,16,1.0,27.829,18.395
48.75,-75.25,14,17,0.8,27.829,18.395
48.75,-75.0,14,18,0.4,27.829,18.395
48.75,-74.75,14,19,0.5,27.829,18.395
48.75,-74.5,14,20,0.4,27.829,18.395
48.75,-74.25,14,21,0.7,27.829,18.395
48.75,-74.0,14,22,0.9,27.829,18.395
48.75,-73.75,14,23,0.1,27.829,18.395
48.75,-73.5,14,24,0.6,27.829,18.395
48.75,-73.25,14,25,0.0,27.829,18.395
48.75,-73.0,14,26,0.3,27.829,18.395
48.75,-72.75,14,27,0.1,27.829,18.395
48.75,-72.5,14,28,0.7,27.829,18.395
48.75,-72.25,14,29,0.9,27.829,18.395
48.75,-72.0,14,30,0.6,27.829,18.395
48.75,-71.75,14,31,0.0,27.829,18.395
48.75,-71.5,14,32,0.3,27.829,18.395
48.75,-71.25,14,33,0.0,27.829,18.395
48.75,-71.0,14,34,0.1,27.829,18.395
48.75,-70.75,14,35,1.0,27.829,18.395
48.75,-70.5,14,36,0.0,27.829,18.395
48.75,-70.25,14,37,0.5,27.829,18.395
48.75,-70.0,14,38,0.8,27.829,18.395
48.75,-69.75,14,39,0.3,27.829,18.395
48.75,-69.5,14,40,0.2,27.829,18.395
48.75,-69.25,14,41,0.1,27.829,18.395
48.75,-69.0,14,42,0.6,27.829,18.395
48.75,-68.75,14,43,0.6,27.829,18.395
48.75,-67.75,14,47,0.2,27.829,18.395
48.75,-67.5,14,48,0.5,27.829,18.395
48.75,-67.25,14,49,1.0,27.829,18.395
48.75,-67.0,14,50,1.0,27.829,18.395
48.75,-66.75,14,51,0.4,27.829,18.395
48.75,-66.5,14,52,0.3,27.829,18.395
48.75,-66.25,14,53,0.1,27.829,18.395
48.75,-66.0,14,54,0.7,27.829,18.395
48.75,-65.75,14,55,0.6,27.829,18.395
48.75,-65.5,14,56,0.4,27.829,18.395
48.75,-65.25,14,57,0.3,27.829,18.395
48.75,-65.0,14,58,0.7,27.829,18.395
48.75,-64.75,14,59,0.0,27.829,18.395
48.75,-64.5,14,60,0.7,27.829,18.395
48.75,-64.25,14,61,0.3,27.829,18.395
49.0,-79.5,15,0,0.7,27.829,18.303
49.0,-79.25,15,1,0.0,27.829,18.303
49.0,-79.0,15,2,0.5,27.829,18.303
49.0,-78.75,15,3,0.1,27.829,18.303
49.0,-78.5,15,4,0.1,27.829,18.303
49.0,-78.25,15,5,0.0,27.829,18.303
49.0,-78.0,15,6,0.6,27.829,18.303
49.0,-77.75,15,7,0.6,27.829,18.303
49.0,-77.5,15,8,0.7,27.829,18.303
49.0,-77.25,15,9,0.4,27.829,18.303
49.0,-77.0,15,10,0.9,27.829,18.303
49.0,-76.75,15,11,1.0,27.829,18.303
49.0,-76.5,15,12,0.1,27.829,18.303
49.0,-76.25,15,13,0.0,27.829,18.303
49.0,-76.0,15,14,0.3,27.829,18.303
49.0,-75.75,15,15,0.6,27.829,18.303
49.0,-75.5,15,16,0.1,27.829,18.303
49.0,-75.25,15,17,0.1,27.829,18.303
49.0,-75.0,15,18,0.0,27.829,18.303
49.0,-74.75,15,19,0.2,27.829,18.303
49.0,-74.5,15,20,0.4,27.829,18.303
49.0,-74.25,15,21,0.4,27.829,18.303
49.0,-74.0,15,22,0.3,27.829,18.303
49.0,-73.75,15,23,0.3,27.829,18.303
49.0,-73.5,15,24,0.0,27.829,18.303
49.0,-73.25,15,25,0.2,27.829,18.303
49.0,-73.0,15,26,0.0,27.829,18.303
49.0,-72.75,15,27,0.2,27.829,18.303
49.0,-72.5,15,28,0.6,27.829,18.303
49.0,-72.25,15,29,0.0,27.829,18.303
49.0,-72.0,15,30,0.1,27.829,18.303
49.0,-71.75,15,31,0.5,27.829,18.303
49.0,-71.5,15,32,0.0,27.829,18.303
49.0,-71.25,15,33,0.2,27.829,18.303
49.0,-71.0,15,34,0.7,27.829,18.303
49.0,-70.75,15,35,0.0,27.829,18.303
49.0,-70.5,15,36,0.8,27.829,18.303
49.0,-70.25,15,37,0.3,27.829,18.303
49.0,-70.0,15,38,0.7,27.829,18.303
49.0,-69.75,15,39,0.4,27.829,18.303
49.0,-69.5,15,40,0.9,27.829,18.303
49.0,-69.25,15,41,0.2,27.829,18.303
49.0,-69.0,15,42,0.0,27.829,18.303
49.0,-68.75,15,43,0.9,27.829,18.303
49.0,-68.5,15,44,0.0,27.829,18.303
49.0,-68.25,15,45,0.1,27.829,18.303
49.0,-67.25,15,49,0.2,27.829,18.303
49.0,-67.0,15,50,0.0,27.829,18.303
49.0,-66.75,15,51,0.3,27.829,18.303
49.0,-66.5,15,52,0.7,27.829,18.303
49.0,-66.25,15,53,0.5,27.829,18.303
49.0,-66.0,15,54,0.7,27.829,18.303
49.0,-65.75,15,55,0.7,27.829,18.303
49.0,-65.5,15,56,1.0,27.829,18.303
49.0,-65.25,15,57,0.4,27.829,18.303
49.0,-65.0,15,58,0.5,27.829,18.303
49.0,-64.75,15,59,0.0,27.829,18.303
49.0,-64.5,15,60,0.9,27.829,18.303
49.25,-79.5,16,0,0.4,27.829,18.212
49.25,-79.25,16,1,0.0,27.829,18.212
49.25,-79.0,16,2,0.3,27.829,18.212
49.25,-78.75,16,3,0.8,27.829,18.212
49.25,-78.5,16,4,0.4,27.829,18.212
49.25,-78.25,16,5,0.8,27.829,18.212
49.25,-78.0,16,6,0.9,27.829,18.212
49.25,-77.75,16,7,0.9,27.829,18.212
49.25,-77.5,16,8,1.0,27.829,18.212
49.25,-77.25,16,9,0.0,27.829,18.212
49.25,-77.0,16,10,1.0,27.829,18.212
49.25,-76.75,16,11,0.7,27.829,18.212
49.25,-76.5,16,12,0.3,27.829,18.212
49.25,-76.25,16,13,0.4,27.829,18.212
49.25,-76.0,16,14,0.6,27.829,18.212
49.25,-75.75,16,15,1.0,27.829,18.212
49.25,-75.5,16,16,0.2,27.829,18.212
49.25,-75.25,16,17,0.0,27.829,18.212
49.25,-75.0,16,18,0.0,27.829,18.212
49.25,-74.75,16,19,1.0,27.829,18.212
49.25,-74.5,16,20,0.9,27.829,18.212
49.25,-74.25,16,21,0.6,27.829,18.212
49.25,-74.0,16,22,0.5,27.829,18.212
49.25,-73.75,16,23,0.3,27.829,18.212
49.25,-73.5,16,24,0.2,27.829,18.212
49.25,-73.25,16,25,0.9,27.829,18.212
49.25,-73.0,16,26,0.8,27.829,18.212
49.25,-72.75,16,27,0.9,27.829,18.212
49.25,-72.5,16,28,0.0,27.829,18.212
49.25,-72.25,16,29,0.5,27.829,18.212
49.25,-72.0,16,30,0.2,27.829,18.212
49.25,-71.75,16,31,0.4,27.829,18.212
49.25,-71.5,16,32,0.0,27.829,18.212
49.25,-71.25,16,33,0.1,27.829,18.212
49.25,-71.0,16,34,0.6,27.829,18.212
49.25,-70.75,16,35,0.0,27.829,18.212
49.25,-70.5,16,36,0.8,27.829,18.212
49.25,-70.25,16,37,0.9,27.829,18.212
49.25,-70.0,16,38,0.8,27.829,18.212
49.25,-69.75,16,39,0.0,27.829,18.212
49.25,-69.5,16,40,0.0,27.829,18.212
49.25,-69.25,16,41,0.0,27.829,18.212
49.25,-69.0,16,42,0.1,27.829,18.212
49.25,-68.75,16,43,1.0,27.829,18.212
49.25,-68.5,16,44,0.4,27.829,18.212
49.25,-68.25,16,45,0.8,27.829,18.212
49.25,-68.0,16,46,0.8,27.829,18.212
49.25,-67.75,16,47,0.1,27.829,18.212
49.25,-66.5,16,52,0.8,27.829,18.212
49.25,-66.25,16,53,0.0,27.829,18.212
49.25,-66.0,16,54,0.4,27.829,18.212
49.25,-65.75,16,55,1.0,27.829,18.212
49.25,-65.5,16,56,0.7,27.829,18.212
49.25,-65.25,16,57,0.9,27.829,18.212
49.25,-65.0,16,58,1.0,27.829,18.212
49.25,-64.75,16,59,0.2,27.829,18.212
49.5,-79.5,17,0,0.5,27.829,18.12
49.5,-79.25,17,1,0.0,27.829,18.12
49.5,-79.0,17,2,0.4,27.829,18.12
49.5,-78.75,17,3,0.1,27.829,18.12
49.5,-78.5,17,4,0.9,27.829,18.12
49.5,-78.25,17,5,0.0,27.829,18.12
49.5,-78.0,17,6,0.5,27.829,18.12
49.5,-77.75,17,7,0.2,27.829,18.12
49.5,-77.5,17,8,0.5,27.829,18.12
49.5,-77.25,17,9,0.0,27.829,18.12
49.5,-77.0,17,10,0.0,27.829,18.12
49.5,-76.75,17,11,0.0,27.829,18.12
49.5,-76.5,17,12,0.1,27.829,18.12
49.5,-76.25,17,13,0.5,27.829,18.12
49.5,-76.0,17,14,0.9,27.829,18.12
49.5,-75.75,17,15,0.8,27.829,18.12
49.5,-75.5,17,16,0.6,27.829,18.12
49.5,-75.25,17,17,0.6,27.829,18.12
49.5,-75.0,17,18,0.3,27.829,18.12
49.5,-74.75,17,19,1.0,27.829,18.12
49.5,-74.5,17,20,0.4,27.829,18.12
49.5,-74.25,17,21,0.5,27.829,18.12
49.5,-74.0,17,22,0.9,27.829,18.12
49.5,-73.75,17,23,0.0,27.829,18.12
49.5,-73.5,17,24,0.5,27.829,18.12
49.5,-73.25,17,25,0.0,27.829,18.12
49.5,-73.0,17,26,0.9,27.829,18.12
49.5,-72.75,17,27,0.0,27.829,18.12
49.5,-72.5,17,28,0.2,27.829,18.12
49.5,-72.25,17,29,0.8,27.829,18.12
49.5,-72.0,17,30,0.0,27.829,18.12
49.5,-71.75,17,31,0.7,27.829,18.12
49.5,-71.5,17,32,0.0,27.829,18.12
49.5,-71.25,17,33,0.2,27.829,18.12
49.5,-71.0,17,34,0.6,27.829,18.12
49.5,-70.75,17,35,0.0,27.829,18.12
49.5,-70.5,17,36,0.8,27.829,18.12
49.5,-70.25,17,37,0.6,27.829,18.12
49.5,-70.0,17,38,0.4,27.829,18.12
49.5,-69.75,17,39,0.7,27.829,18.12
49.5,-69.5,17,40,0.5,27.829,18.12
49.5,-69.25,17,41,0.8,27.829,18.12
49.5,-69.0,17,42,0.0,27.829,18.12
49.5,-68.75,17,43,0.0,27.829,18.12
49.5,-68.5,17,44,0.0,27.829,18.12
49.5,-68.25,17,45,0.5,27.829,18.12
49.5,-68.0,17,46,0.6,27.829,18.12
49.5,-67.75,17,47,0.7,27.829,18.12
49.5,-67.5,17,48,0.9,27.829,18.12
49.5,-67.25,17,49,0.9,27.829,18.12
49.75,-79.5,18,0,0.0,27.829,18.027
49.75,-79.25,18,1,0.5,27.829,18.027
49.75,-79.0,18,2,0.1,27.829,18.027
49.75,-78.75,18,3,0.4,27.829,18.027
49.75,-78.5,18,4,0.3,27.829,18.027
49.75,-78.25,18,5,0.1,27.829,18.027
49.75,-78.0,18,6,0.8,27.829,18.027
49.75,-77.75,18,7,0.3,27.829,18.027
49.75,-77.5,18,8,0.2,27.829,18.027
49.75,-77.25,18,9,0.6,27.829,18.027
49.75,-77.0,18,10,0.8,27.829,18.027
49.75,-76.75,18,11,0.7,27.829,18.027
49.75,-76.5,18,12,0.9,27.829,18.027
49.75,-76.25,18,13,0.3,27.829,18.027
49.75,-76.0,18,14,0.3,27.829,18.027
49.75,-75.75,18,15,0.0,27.829,18.027
49.75,-75.5,18,16,0.1,27.829,18.027
49.75,-75.25,18,17,0.6,27.829,18.027
49.75,-75.0,18,18,0.8,27.829,18.027
49.75,-74.75,18,19,0.9,27.829,18.027
49.75,-74.5,18,20,0.1,27.829,18.027
49.75,-74.25,18,21,0.0,27.829,18.027
49.75,-74.0,18,22,0.5,27.829,18.027
49.75,-73.75,18,23,1.0,27.829,18.027
49.75,-73.5,18,24,0.0,27.829,18.027
49.75,-73.25,18,25,0.9,27.829,18.027
49.75,-73.0,18,26,1.0,27.829,18.027
49.75,-72.75,18,27,0.6,27.829,18.027
49.75,-72.5,18,28,0.0,27.829,18.027
49.75,-72.25,18,29,0.0,27.829,18.027
49.75,-72.0,18,30,0.9,27.829,18.027
49.75,-71.75,18,31,0.7,27.829,18.027
49.75,-71.5,18,32,0.0,27.829,18.027
49.75,-71.25,18,33,0.0,27.829,18.027
49.75,-71.0,18,34,0.5,27.829,18.027
49.75,-70.75,18,35,0.3,27.829,18.027
49.75,-70.5,18,36,0.6,27.829,18.027
49.75,-70.25,18,37,0.7,27.829,18.027
49.75,-70.0,18,38,0.6,27.829,18.027
49.75,-69.75,18,39,0.5,27.829,18.027
49.75,-69.5,18,40,0.6,27.829,18.027
49.75,-69.25,18,41,0.9,27.829,18.027
49.75,-69.0,18,42,0.2,27.829,18.027
49.75,-68.75,18,43,0.3,27.829,18.027
49.75,-68.5,18,44,0.2,27.829,18.027
49.75,-68.25,18,45,0.5,27.829,18.027
49.75,-68.0,18,46,0.0,27.829,18.027
49.75,-67.75,18,47,0.1,27.829,18.027
49.75,-67.5,18,48,0.9,27.829,18.027
49.75,-67.25,18,49,1.0,27.829,18.027
49.75,-67.0,18,50,0.7,27.829,18.027
49.75,-64.5,18,60,0.6,27.829,18.027
49.75,-64.25,18,61,0.8,27.829,18.027
49.75,-64.0,18,62,0.0,27.829,18.027
50.0,-79.5,19,0,0.0,27.829,17.935
50.0,-79.25,19,1,0.1,27.829,17.935
50.0,-79.0,19,2,0.7,27.829,17.935
50.0,-78.75,19,3,0.3,27.829,17.935
50.0,-78.5,19,4,0.2,27.829,17.935
50.0,-78.25,19,5,0.4,27.829,17.935
50.0,-78.0,19,6,0.8,27.829,17.935
50.0,-77.75,19,7,0.9,27.829,17.935
50.0,-77.5,19,8,0.0,27.829,17.935
50.0,-77.25,19,9,1.0,27.829,17.935
50.0,-77.0,19,10,0.3,27.829,17.935
50.0,-76.75,19,11,1.0,27.829,17.935
50.0,-76.5,19,12,0.1,27.829,17.935
50.0,-76.25,19,13,0.3,27.829,17.935
50.0,-76.0,19,14,0.6,27.829,17.935
50.0,-75.75,19,15,0.0,27.829,17.935
50.0,-75.5,19,16,0.2,27.829,17.935
50.0,-75.25,19,17,0.0,27.829,17.935
50.0,-75.0,19,18,0.7,27.829,17.935
50.0,-74.75,19,19,1.0,27.829,17.935
50.0,-74.5,19,20,0.0,27.829,17.935
50.0,-74.25,19,21,0.8,27.829,17.935
50.0,-74.0,19,22,0.1,27.829,17.935
50.0,-73.75,19,23,0.6,27.829,17.935
50.0,-73.5,19,24,0.1,27.829,17.935
50.0,-73.25,19,25,0.2,27.829,17.935
50.0,-73.0,19,26,0.0,27.829,17.935
50.0,-72.75,19,27,0.8,27.829,17.935
50.0,-72.5,19,28,0.1,27.829,17.935
50.0,-72.25,19,29,0.3,27.829,17.935
50.0,-72.0,19,30,0.6,27.829,17.935
50.0,-71.75,19,31,0.0,27.829,17.935
50.0,-71.5,19,32,0.3,27.829,17.935
50.0,-71.25,19,33,0.0,27.829,17.935
50.0,-71.0,19,34,1.0,27.829,17.935
50.0,-70.75,19,35,0.2,27.829,17.935
50.0,-70.5,19,36,0.8,27.829,17.935
50.0,-70.25,19,37,0.2,27.829,17.935
50.0,-70.0,19,38,0.2,27.829,17.935
50.0,-69.75,19,39,0.0,27.829,17.935
50.0,-69.5,19,40,0.8,27.829,17.935
50.0,-69.25,19,41,0.0,27.829,17.935
50.0,-69.0,19,42,0.5,27.829,17.935
50.0,-68.75,19,43,0.0,27.829,17.935
50.0,-68.5,19,44,1.0,27.829,17.935
50.0,-68.25,19,45,0.4,27.829,17.935
50.0,-68.0,19,46,0.6,27.829,17.935
50.0,-67.75,19,47,0.4,27.829,17.935
50.0,-67.5,19,48,0.9,27.829,17.935
50.0,-67.25,19,49,1.0,27.829,17.935
50.0,-67.0,19,50,0.0,27.829,17.935
50.0,-66.75,19,51,0.6,27.829,17.935
50.0,-64.5,19,60,0.7,27.829,17.935
50.0,-64.25,19,61,0.6,27.829,17.935
50.0,-64.0,19,62,0.6,27.829,17.935
50.25,-79.5,20,0,0.4,27.829,17.842
50.25,-79.25,20,1,0.9,27.829,17.842
50.25,-79.0,20,2,0.3,27.829,17.842
50.25,-78.75,20,3,0.8,27.829,17.842
50.25,-78.5,20,4,0.1,27.829,17.842
50.25,-78.25,20,5,0.4,27.829,17.842
50.25,-78.0,20,6,1.0,27.829,17.842
50.25,-77.75,20,7,0.2,27.829,17.842
50.25,-77.5,20,8,0.0,27.829,17.842
50.25,-77.25,20,9,0.1,27.829,17.842
50.25,-77.0,20,10,0.9,27.829,17.842
50.25,-76.75,20,11,0.5,27.829,17.842
50.25,-76.5,20,12,0.5,27.829,17.842
50.25,-76.25,20,13,0.3,27.829,17.842
50.25,-76.0,20,14,0.1,27.829,17.842
50.25,-75.75,20,15,0.3,27.829,17.842
50.25,-75.5,20,16,0.2,27.829,17.842
50.25,-75.25,20,17,0.0,27.829,17.842
50.25,-75.0,20,18,0.5,27.829,17.842
50.25,-74.75,20,19,0.3,27.829,17.842
50.25,-74.5,20,20,0.2,27.829,17.842
50.25,-74.25,20,21,0.0,27.829,17.842
50.25,-74.0,20,22,0.3,27.829,17.842
50.25,-73.75,20,23,0.8,27.829,17.842
50.25,-73.5,20,24,0.5,27.829,17.842
50.25,-73.25,20,25,0.2,27.829,17.842
50.25,-73.0,20,26,0.0,27.829,17.842
50.25,-72.75,20,27,0.0,27.829,17.842
50.25,-72.5,20,28,0.2,27.829,17.842
50.25,-72.25,20,29,1.0,27.829,17.842
50.25,-72.0,20,30,0.1,27.829,17.842
50.25,-71.75,20,31,0.6,27.829,17.842
50.25,-71.5,20,32,0.9,27.829,17.842
50.25,-71.25,20,33,1.0,27.829,17.842
50.25,-71.0,20,34,0.8,27.829,17.842
50.25,-70.75,20,35,0.6,27.829,17.842
50.25,-70.5,20,36,0.5,27.829,17.842
50.25,-70.25,20,37,0.0,27.829,17.842
50.25,-70.0,20,38,0.7,27.829,17.842
50.25,-69.75,20,39,0.8,27.829,17.842
50.25,-69.5,20,40,0.1,27.829,17.842
50.25,-69.25,20,41,0.7,27.829,17.842
50.25,-69.0,20,42,0.7,27.829,17.842
50.25,-68.75,20,43,0.7,27.829,17.842
50.25,-68.5,20,44,1.0,27.829,17.842
50.25,-68.25,20,45,0.0,27.829,17.842
50.25,-68.0,20,46,0.8,27.829,17.842
50.25,-67.75,20,47,0.3,27.829,17.842
50.25,-67.5,20,48,0.0,27.829,17.842
50.25,-67.25,20,49,0.5,27.829,17.842
50.25,-67.0,20,50,0.9,27.829,17.842
50.25,-66.75,20,51,0.7,27.829,17.842
50.25,-66.5,20,52,0.3,27.829,17.842
50.25,-66.25,20,53,0.8,27.829,17.842
50.25,-66.0,20,54,0.1,27.829,17.842
50.25,-65.75,20,55,0.3,27.829,17.842
50.25,-65.5,20,56,0.0,27.829,17.842
50.25,-65.25,20,57,0.9,27.829,17.842
50.25,-65.0,20,58,0.5,27.829,17.842
50.25,-64.75,20,59,1.0,27.829,17.842
50.25,-64.5,20,60,0.1,27.829,17.842
50.25,-64.25,20,61,0.6,27.829,17.842
50.25,-64.0,20,62,0.6,27.829,17.842
50.5,-79.5,21,0,0.0,27.829,17.748
50.5,-79.25,21,1,0.4,27.829,17.748
50.5,-79.0,21,2,0.8,27.829,17.748
50.5,-78.75,21,3,0.0,27.829,17.748
50.5,-78.5,21,4,0.2,27.829,17.748
50.5,-78.25,21,5,0.1,27.829,17.748
50.5,-78.0,21,6,0.3,27.829,17.748
50.5,-77.75,21,7,0.5,27.829,17.748
50.5,-77.5,21,8,0.0,27.829,17.748
50.5,-77.25,21,9,0.7,27.829,17.748
50.5,-77.0,21,10,0.0,27.829,17.748
50.5,-76.75,21,11,0.9,27.829,17.748
50.5,-76.5,21,12,0.2,27.829,17.748
50.5,-76.25,21,13,0.6,27.829,17.748
50.5,-76.0,21,14,0.2,27.829,17.748
50.5,-75.75,21,15,0.3,27.829,17.748
50.5,-75.5,21,16,0.9,27.829,17.748
50.5,-75.25,21,17,0.8,27.829,17.748
50.5,-75.0,21,18,0.0,27.829,17.748
50.5,-74.75,21,19,0.2,27.829,17.748
50.5,-74.5,21,20,0.6,27.829,17.748
50.5,-74.25,21,21,0.8,27.829,17.748
50.5,-74.0,21,22,0.7,27.829,17.748
50.5,-73.75,21,23,0.9,27.829,17.748
50.5,-73.5,21,24,0.6,27.829,17.748
50.5,-73.25,21,25,0.8,27.829,17.748
50.5,-73.0,21,26,0.0,27.829,17.748
50.5,-72.75,21,27,0.2,27.829,17.748
50.5,-72.5,21,28,0.0,27.829,17.748
50.5,-72.25,21,29,0.9,27.829,17.748
50.5,-72.0,21,30,0.9,27.829,17.748
50.5,-71.75,21,31,0.8,27.829,17.748
50.5,-71.5,21,32,0.7,27.829,17.748
50.5,-71.25,21,33,0.3,27.829,17.748
50.5,-71.0,21,34,0.2,27.829,17.748
50.5,-70.75,21,35,0.3,27.829,17.748
50.5,-70.5,21,36,0.0,27.829,17.748
50.5,-70.25,21,37,0.0,27.829,17.748
50.5,-70.0,21,38,0.7,27.829,17.748
50.5,-69.75,21,39,0.1,27.829,17.748
50.5,-69.5,21,40,0.7,27.829,17.748
50.5,-69.25,21,41,0.4,27.829,17.748
50.5,-69.0,21,42,1.0,27.829,17.748
50.5,-68.75,21,43,0.0,27.829,17.748
50.5,-68.5,21,44,0.4,27.829,17.748
50.5,-68.25,21,45,1.0,27.829,17.748
50.5,-68.0,21,46,0.1,27.829,17.748
50.5,-67.75,21,47,0.2,27.829,17.748
50.5,-67.5,21,48,0.4,27.829,17.748
50.5,-67.25,21,49,0.8,27.829,17.748
50.5,-67.0,21,50,1.0,27.829,17.748
50.5,-66.75,21,51,0.3,27.829,17.748
50.5,-66.5,21,52,0.1,27.829,17.748
50.5,-66.25,21,53,0.8,27.829,17.748
50.5,-66.0,21,54,0.0,27.829,17.748
50.5,-65.75,21,55,0.0,27.829,17.748
50.5,-65.5,21,56,0.3,27.829,17.748
50.5,-65.25,21,57,0.2,27.829,17.748
50.5,-65.0,21,58,0.1,27.829,17.748
50.5,-64.75,21,59,1.0,27.829,17.748
50.5,-64.5,21,60,0.3,27.829,17.748
50.5,-64.25,21,61,0.0,27.829,17.748
50.5,-64.0,21,62,0.7,27.829,17.748
50.75,-79.5,22,0,0.0,27.829,17.655
50.75,-79.25,22,1,0.1,27.829,17.655
50.75,-79.0,22,2,0.5,27.829,17.655
50.75,-78.75,22,3,0.4,27.829,17.655
50.75,-78.5,22,4,0.1,27.829,17.655
50.75,-78.25,22,5,0.9,27.829,17.655
50.75,-78.0,22,6,0.8,27.829,17.655
50.75,-77.75,22,7,0.0,27.829,17.655
50.75,-77.5,22,8,0.6,27.829,17.655
50.75,-77.25,22,9,0.0,27.829,17.655
50.75,-77.0,22,10,0.0,27.829,17.655
50.75,-76.75,22,11,0.0,27.829,17.655
50.75,-76.5,22,12,0.9,27.829,17.655
50.75,-76.25,22,13,0.0,27.829,17.655
50.75,-76.0,22,14,0.3,27.829,17.655
50.75,-75.75,22,15,0.8,27.829,17.655
50.75,-75.5,22,16,0.7,27.829,17.655
50.75,-75.25,22,17,1.0,27.829,17.655
50.75,-75.0,22,18,1.0,27.829,17.655
50.75,-74.75,22,19,0.3,27.829,17.655
50.75,-74.5,22,20,0.8,27.829,17.655
50.75,-74.25,22,21,0.4,27.829,17.655
50.75,-74.0,22,22,0.9,27.829,17.655
50.75,-73.75,22,23,0.6,27.829,17.655
50.75,-73.5,22,24,0.0,27.829,17.655
50.75,-73.25,22,25,0.1,27.829,17.655
50.75,-73.0,22,26,0.9,27.829,17.655
50.75,-72.75,22,27,0.2,27.829,17.655
50.75,-72.5,22,28,0.2,27.829,17.655
50.75,-72.25,22,29,0.1,27.829,17.655
50.75,-72.0,22,30,0.1,27.829,17.655
50.75,-71.75,22,31,0.7,27.829,17.655
50.75,-71.5,22,32,0.7,27.829,17.655
50.75,-71.25,22,33,0.5,27.829,17.655
50.75,-71.0,22,34,0.0,27.829,17.655
50.75,-70.75,22,35,0.0,27.829,17.655
50.75,-70.5,22,36,0.3,27.829,17.655
50.75,-70.25,22,37,0.8,27.829,17.655
50.75,-70.0,22,38,0.6,27.829,17.655
50.75,-69.75,22,39,0.1,27.829,17.655
50.75,-69.5,22,40,0.2,27.829,17.655
50.75,-69.25,22,41,1.0,27.829,17.655
50.75,-69.0,22,42,1.0,27.829,17.655
50.75,-68.75,22,43,0.5,27.829,17.655
50.75,-68.5,22,44,0.2,27.829,17.655
50.75,-68.25,22,45,1.0,27.829,17.655
50.75,-68.0,22,46,0.8,27.829,17.655
50.75,-67.75,22,47,0.3,27.829,17.655
50.75,-67.5,22,48,0.6,27.829,17.655
50.75,-67.25,22,49,0.1,27.829,17.655
50.75,-67.0,22,50,0.0,27.829,17.655
50.75,-66.75,22,51,0.0,27.829,17.655
50.75,-66.5,22,52,0.1,27.829,17.655
50.75,-66.25,22,53,0.4,27.829,17.655
50.75,-66.0,22,54,0.9,27.829,17.655
50.75,-65.75,22,55,0.0,27.829,17.655
50.75,-65.5,22,56,0.9,27.829,17.655
50.75,-65.25,22,57,0.8,27.829,17.655
50.75,-65.0,22,58,1.0,27.829,17.655
50.75,-64.75,22,59,0.9,27.829,17.655
50.75,-64.5,22,60,0.2,27.829,17.655
50.75,-64.25,22,61,0.9,27.829,17.655
50.75,-64.0,22,62,0.0,27.829,17.655
51.0,-79.5,23,0,0.9,27.829,17.561
51.0,-79.25,23,1,0.0,27.829,17.561
51.0,-79.0,23,2,0.3,27.829,17.561
51.0,-78.75,23,3,0.6,27.829,17.561
51.0,-78.5,23,4,0.3,27.829,17.561
51.0,-78.25,23,5,0.5,27.829,17.561
51.0,-78.0,23,6,0.5,27.829,17.561
51.0,-77.75,23,7,0.6,27.829,17.561
51.0,-77.5,23,8,0.8,27.829,17.561
51.0,-77.25,23,9,0.5,27.829,17.561
51.0,-77.0,23,10,1.0,27.829,17.561
51.0,-76.75,23,11,0.8,27.829,17.561
51.0,-76.5,23,12,0.1,27.829,17.561
51.0,-76.25,23,13,0.4,27.829,17.561
51.0,-76.0,23,14,0.9,27.829,17.561
51.0,-75.75,23,15,0.5,27.829,17.561
51.0,-75.5,23,16,1.0,27.829,17.561
51.0,-75.25,23,17,0.5,27.829,17.561
51.0,-75.0,23,18,0.3,27.829,17.561
51.0,-74.75,23,19,0.8,27.829,17.561
51.0,-74.5,23,20,0.8,27.829,17.561
51.0,-74.25,23,21,0.7,27.829,17.561
51.0,-74.0,23,22,0.7,27.829,17.561
51.0,-73.75,23,23,0.9,27.829,17.561
51.0,-73.5,23,24,0.0,27.829,17.561
51.0,-73.25,23,25,0.1,27.829,17.561
51.0,-73.0,23,26,0.9,27.829,17.561
51.0,-72.75,23,27,0.5,27.829,17.561
51.0,-72.5,23,28,0.0,27.829,17.561
51.0,-72.25,23,29,0.3,27.829,17.561
51.0,-72.0,23,30,0.1,27.829,17.561
51.0,-71.75,23,31,0.0,27.829,17.561
51.0,-71.5,23,32,0.1,27.829,17.561
51.0,-71.25,23,33,0.4,27.829,17.561
51.0,-71.0,23,34,0.9,27.829,17.561
51.0,-70.75,23,35,0.2,27.829,17.561
51.0,-70.5,23,36,0.0,27.829,17.561
51.0,-70.25,23,37,0.9,27.829,17.561
51.0,-70.0,23,38,0.4,27.829,17.561
51.0,-69.75,23,39,0.4,27.829,17.561
51.0,-69.5,23,40,0.0,27.829,17.561
51.0,-69.25,23,41,0.6,27.829,17.561
51.0,-69.0,23,42,0.0,27.829,17.561
51.0,-68.75,23,43,0.8,27.829,17.561
51.0,-68.5,23,44,0.7,27.829,17.561
51.0,-68.25,23,45,1.0,27.829,17.561
51.0,-68.0,23,46,0.7,27.829,17.561
51.0,-67.75,23,47,0.0,27.829,17.561
51.0,-67.5,23,48,0.4,27.829,17.561
51.0,-67.25,23,49,0.9,27.829,17.561
51.0,-67.0,23,50,0.0,27.829,17.561
51.0,-66.75,23,51,0.9,27.829,17.561
51.0,-66.5,23,52,0.9,27.829,17.561
51.0,-66.25,23,53,0.9,27.829,17.561
51.0,-66.0,23,54,0.5,27.829,17.561
51.0,-65.75,23,55,1.0,27.829,17.561
51.0,-65.5,23,56,0.8,27.829,17.561
51.0,-65.25,23,57,0.1,27.829,17.561
51.0,-65.0,23,58,0.1,27.829,17.561
51.0,-64.75,23,59,0.2,27.829,17.561
51.0,-64.5,23,60,0.2,27.829,17.561
51.0,-64.25,23,61,0.4,27.829,17.561
51.0,-64.0,23,62,0.1,27.829,17.561
51.25,-79.5,24,0,0.8,27.829,17.466
51.25,-79.25,24,1,0.1,27.829,17.466
51.25,-79.0,24,2,0.1,27.829,17.466
51.25,-78.75,24,3,0.6,27.829,17.466
51.25,-78.5,24,4,0.7,27.829,17.466
51.25,-78.25,24,5,0.0,27.829,17.466
51.25,-78.0,24,6,0.9,27.829,17.466
51.25,-77.75,24,7,0.0,27.829,17.466
51.25,-77.5,24,8,0.0,27.829,17.466
51.25,-77.25,24,9,0.9,27.829,17.466
51.25,-77.0,24,10,0.5,27.829,17.466
51.25,-76.75,24,11,0.4,27.829,17.466
51.25,-76.5,24,12,0.5,27.829,17.466
51.25,-76.25,24,13,0.1,27.829,17.466
51.25,-76.0,24,14,0.3,27.829,17.466
51.25,-75.75,24,15,1.0,27.829,17.466
51.25,-75.5,24,16,0.2,27.829,17.466
51.25,-75.25,24,17,0.2,27.829,17.466
51.25,-75.0,24,18,0.1,27.829,17.466
51.25,-74.75,24,19,0.1,27.829,17.466
51.25,-74.5,24,20,0.9,27.829,17.466
51.25,-74.25,24,21,0.2,27.829,17.466
51.25,-74.0,24,22,0.6,27.829,17.466
51.25,-73.75,24,23,0.0,27.829,17.466
51.25,-73.5,24,24,0.7,27.829,17.466
51.25,-73.25,24,25,0.2,27.829,17.466
51.25,-73.0,24,26,1.0,27.829,17.466
51.25,-72.75,24,27,0.6,27.829,17.466
51.25,-72.5,24,28,1.0,27.829,17.466
51.25,-72.25,24,29,0.6,27.829,17.466
51.25,-72.0,24,30,0.0,27.829,17.466
51.25,-71.75,24,31,0.6,27.829,17.466
51.25,-71.5,24,32,0.5,27.829,17.466
51.25,-71.25,24,33,0.0,27.829,17.466
51.25,-71.0,24,34,0.9,27.829,17.466
51.25,-70.75,24,35,0.9,27.829,17.466
51.25,-70.5,24,36,0.0,27.829,17.466
51.25,-70.25,24,37,0.4,27.829,17.466
51.25,-70.0,24,38,0.0,27.829,17.466
51.25,-69.75,24,39,1.0,27.829,17.466
51.25,-69.5,24,40,0.9,27.829,17.466
51.25,-69.25,24,41,0.2,27.829,17.466
51.25,-69.0,24,42,0.6,27.829,17.466
51.25,-68.75,24,43,0.3,27.829,17.466
51.25,-68.5,24,44,0.6,27.829,17.466
51.25,-68.25,24,45,0.2,27.829,17.466
51.25,-68.0,24,46,0.8,27.829,17.466
51.25,-67.75,24,47,0.3,27.829,17.466
51.25,-67.5,24,48,0.0,27.829,17.466
51.25,-67.25,24,49,0.8,27.829,17.466
51.25,-67.0,24,50,0.0,27.829,17.466
51.25,-66.75,24,51,0.2,27.829,17.466
51.25,-66.5,24,52,0.5,27.829,17.466
51.25,-66.25,24,53,0.8,27.829,17.466
51.25,-66.0,24,54,0.4,27.829,17.466
51.25,-65.75,24,55,0.3,27.829,17.466
51.25,-65.5,24,56,0.7,27.829,17.466
51.25,-65.25,24,57,0.0,27.829,17.466
51.25,-65.0,24,58,0.1,27.829,17.466
51.25,-64.75,24,59,0.6,27.829,17.466
51.25,-64.5,24,60,0.4,27.829,17.466
51.25,-64.25,24,61,0.8,27.829,17.466
51.25,-64.0,24,62,0.5,27.829,17.466
51.5,-79.5,25,0,1.0,27.829,17.372
51.5,-79.25,25,1,0.2,27.829,17.372
51.5,-79.0,25,2,0.0,27.829,17.372
51.5,-78.75,25,3,0.0,27.829,17.372
51.5,-78.5,25,4,0.6,27.829,17.372
51.5,-78.25,25,5,0.4,27.829,17.372
51.5,-78.0,25,6,0.0,27.829,17.372
51.5,-77.75,25,7,0.0,27.829,17.372
51.5,-77.5,25,8,1.0,27.829,17.372
51.5,-77.25,25,9,0.5,27.829,17.372
51.5,-77.0,25,10,1.0,27.829,17.372
51.5,-76.75,25,11,0.0,27.829,17.372
51.5,-76.5,25,12,1.0,27.829,17.372
51.5,-76.25,25,13,0.9,27.829,17.372
51.5,-76.0,25,14,0.8,27.829,17.372
51.5,-75.75,25,15,0.8,27.829,17.372
51.5,-75.5,25,16,0.8,27.829,17.372
51.5,-75.25,25,17,0.0,27.829,17.372
51.5,-75.0,25,18,0.0,27.829,17.372
51.5,-74.75,25,19,0.0,27.829,17.372
51.5,-74.5,25,20,0.8,27.829,17.372
51.5,-74.25,25,21,0.9,27.829,17.372
51.5,-74.0,25,22,0.8,27.829,17.372
51.5,-73.75,25,23,0.6,27.829,17.372
51.5,-73.5,25,24,0.7,27.829,17.372
51.5,-73.25,25,25,0.4,27.829,17.372
51.5,-73.0,25,26,0.5,27.829,17.372
51.5,-72.75,25,27,0.8,27.829,17.372
51.5,-72.5,25,28,0.0,27.829,17.372
51.5,-72.25,25,29,0.5,27.829,17.372
51.5,-72.0,25,30,0.5,27.829,17.372
51.5,-71.75,25,31,1.0,27.829,17.372
51.5,-71.5,25,32,0.7,27.829,17.372
51.5,-71.25,25,33,0.6,27.829,17.372
51.5,-71.0,25,34,0.4,27.829,17.372
51.5,-70.75,25,35,0.6,27.829,17.372
51.5,-70.5,25,36,0.1,27.829,17.372
51.5,-70.25,25,37,0.0,27.829,17.372
51.5,-70.0,25,38,0.0,27.829,17.372
51.5,-69.75,25,39,0.0,27.829,17.372
51.5,-69.5,25,40,0.8,27.829,17.372
51.5,-69.25,25,41,0.2,27.829,17.372
51.5,-69.0,25,42,0.4,27.829,17.372
51.5,-68.75,25,43,0.0,27.829,17.372
51.5,-68.5,25,44,1.0,27.829,17.372
51.5,-68.25,25,45,1.0,27.829,17.372
51.5,-68.0,25,46,0.8,27.829,17.372
51.5,-67.75,25,47,0.4,27.829,17.372
51.5,-67.5,25,48,0.0,27.829,17.372
51.5,-67.25,25,49,0.0,27.829,17.372
51.5,-67.0,25,50,0.9,27.829,17.372
51.5,-66.75,25,51,0.5,27.829,17.372
51.5,-66.5,25,52,0.0,27.829,17.372
51.5,-66.25,25,53,0.5,27.829,17.372
51.5,-66.0,25,54,0.4,27.829,17.372
51.5,-65.75,25,55,0.5,27.829,17.372
51.5,-65.5,25,56,0.6,27.829,17.372
51.5,-65.25,25,57,0.5,27.829,17.372
51.5,-65.0,25,58,0.5,27.829,17.372
51.5,-64.75,25,59,0.8,27.829,17.372
51.5,-64.5,25,60,0.2,27.829,17.372
51.5,-64.25,25,61,0.2,27.829,17.372
51.5,-64.0,25,62,0.1,27.829,17.372
51.75,-79.0,26,2,0.6,27.829,17.277
51.75,-78.75,26,3,0.0,27.829,17.277
51.75,-78.5,26,4,1.0,27.829,17.277
51.75,-78.25,26,5,0.4,27.829,17.277
51.75,-78.0,26,6,0.5,27.829,17.277
51.75,-77.75,26,7,0.5,27.829,17.277
51.75,-77.5,26,8,0.1,27.829,17.277
51.75,-77.25,26,9,0.0,27.829,17.277
51.75,-77.0,26,10,0.3,27.829,17.277
51.75,-76.75,26,11,0.2,27.829,17.277
51.75,-76.5,26,12,0.2,27.829,17.277
51.75,-76.25,26,13,1.0,27.829,17.277
51.75,-76.0,26,14,0.3,27.829,17.277
51.75,-75.75,26,15,0.0,27.829,17.277
51.75,-75.5,26,16,0.0,27.829,17.277
51.75,-75.25,26,17,0.3,27.829,17.277
51.75,-75.0,26,18,0.0,27.829,17.277
51.75,-74.75,26,19,0.2,27.829,17.277
51.75,-74.5,26,20,0.0,27.829,17.277
51.75,-74.25,26,21,0.9,27.829,17.277
51.75,-74.0,26,22,0.9,27.829,17.277
51.75,-73.75,26,23,0.2,27.829,17.277
51.75,-73.5,26,24,0.3,27.829,17.277
51.75,-73.25,26,25,0.2,27.829,17.277
51.75,-73.0,26,26,0.1,27.829,17.277
51.75,-72.75,26,27,0.8,27.829,17.277
51.75,-72.5,26,28,0.0,27.829,17.277
51.75,-72.25,26,29,0.0,27.829,17.277
51.75,-72.0,26,30,0.0,27.829,17.277
51.75,-71.75,26,31,0.0,27.829,17.277
51.75,-71.5,26,32,1.0,27.829,17.277
51.75,-71.25,26,33,0.2,27.829,17.277
51.75,-71.0,26,34,0.0,27.829,17.277
51.75,-70.75,26,35,0.6,27.829,17.277
51.75,-70.5,26,36,0.4,27.829,17.277
51.75,-70.25,26,37,0.3,27.829,17.277
51.75,-70.0,26,38,0.5,27.829,17.277
51.75,-69.75,26,39,0.1,27.829,17.277
51.75,-69.5,26,40,0.6,27.829,17.277
51.75,-69.25,26,41,0.4,27.829,17.277
51.75,-69.0,26,42,1.0,27.829,17.277
51.75,-68.75,26,43,0.6,27.829,17.277
51.75,-68.5,26,44,1.0,27.829,17.277
51.75,-68.25,26,45,0.4,27.829,17.277
51.75,-68.0,26,46,0.0,27.829,17.277
51.75,-67.75,26,47,0.8,27.829,17.277
51.75,-67.5,26,48,0.8,27.829,17.277
51.75,-67.25,26,49,0.3,27.829,17.277
51.75,-67.0,26,50,0.4,27.829,17.277
51.75,-66.75,26,51,0.6,27.829,17.277
51.75,-66.5,26,52,0.1,27.829,17.277
51.75,-66.25,26,53,0.5,27.829,17.277
51.75,-66.0,26,54,0.2,27.829,17.277
51.75,-65.75,26,55,0.3,27.829,17.277
51.75,-65.5,26,56,1.0,27.829,17.277
51.75,-65.25,26,57,0.0,27.829,17.277
51.75,-65.0,26,58,0.0,27.829,17.277
51.75,-64.75,26,59,0.6,27.829,17.277
51.75,-64.5,26,60,0.7,27.829,17.277
51.75,-64.25,26,61,0.3,27.829,17.277
51.75,-64.0,26,62,0.3,27.829,17.277
52.0,-79.0,27,2,0.0,27.829,17.181
52.0,-78.75,27,3,0.8,27.829,17.181
52.0,-78.5,27,4,1.0,27.829,17.181
52.0,-78.25,27,5,0.4,27.829,17.181
52.0,-78.0,27,6,0.5,27.829,17.181
52.0,-77.75,27,7,0.7,27.829,17.181
52.0,-77.5,27,8,0.0,27.829,17.181
52.0,-77.25,27,9,0.3,27.829,17.181
52.0,-77.0,27,10,0.9,27.829,17.181
52.0,-76.75,27,11,0.2,27.829,17.181
52.0,-76.5,27,12,0.8,27.829,17.181
52.0,-76.25,27,13,0.0,27.829,17.181
52.0,-76.0,27,14,0.6,27.829,17.181
52.0,-75.75,27,15,0.6,27.829,17.181
52.0,-75.5,27,16,0.1,27.829,17.181
52.0,-75.25,27,17,0.3,27.829,17.181
52.0,-75.0,27,18,0.3,27.829,17.181
52.0,-74.75,27,19,0.3,27.829,17.181
52.0,-74.5,27,20,0.7,27.829,17.181
52.0,-74.25,27,21,0.2,27.829,17.181
52.0,-74.0,27,22,1.0,27.829,17.181
52.0,-73.75,27,23,0.5,27.829,17.181
52.0,-73.5,27,24,0.2,27.829,17.181
52.0,-73.25,27,25,1.0,27.829,17.181
52.0,-73.0,27,26,0.1,27.829,17.181
52.0,-72.75,27,27,0.0,27.829,17.181
52.0,-72.5,27,28,0.5,27.829,17.181
52.0,-72.25,27,29,0.3,27.829,17.181
52.0,-72.0,27,30,0.9,27.829,17.181
52.0,-71.75,27,31,1.0,27.829,17.181
52.0,-71.5,27,32,0.7,27.829,17.181
52.0,-71.25,27,33,0.0,27.829,17.181
52.0,-71.0,27,34,1.0,27.829,17.181
52.0,-70.75,27,35,0.7,27.829,17.181
52.0,-70.5,27,36,0.2,27.829,17.181
52.0,-70.25,27,37,0.2,27.829,17.181
52.0,-70.0,27,38,0.1,27.829,17.181
52.0,-69.75,27,39,0.1,27.829,17.181
52.0,-69.5,27,40,0.6,27.829,17.181
52.0,-69.25,27,41,0.4,27.829,17.181
52.0,-69.0,27,42,0.0,27.829,17.181
52.0,-68.75,27,43,0.0,27.829,17.181
52.0,-68.5,27,44,0.5,27.829,17.181
52.0,-68.25,27,45,0.4,27.829,17.181
52.0,-68.0,27,46,0.3,27.829,17.181
52.0,-67.75,27,47,0.0,27.829,17.181
52.0,-67.5,27,48,1.0,27.829,17.181
52.0,-67.25,27,49,0.3,27.829,17.181
52.0,-67.0,27,50,0.7,27.829,17.181
52.0,-66.75,27,51,0.8,27.829,17.181
52.0,-66.5,27,52,0.9,27.829,17.181
52.0,-66.25,27,53,0.3,27.829,17.181
52.0,-66.0,27,54,0.0,27.829,17.181
52.0,-65.75,27,55,1.0,27.829,17.181
52.0,-65.5,27,56,0.5,27.829,17.181
52.0,-65.25,27,57,0.4,27.829,17.181
52.0,-65.0,27,58,0.3,27.829,17.181
52.0,-64.75,27,59,0.8,27.829,17.181
52.0,-64.25,27,61,0.4,27.829,17.181
52.0,-64.0,27,62,0.0,27.829,17.181
