DATE,CELL_LAT,CELL_LON,COORDINATES_LAT,COORDINATES_LON,IS_FIRE_NEXT_DAY,IS_FIRE,CELL_WIDTH,CELL_LENGTH
2020-05-20,45.25,-74.5,0,20,0,0.631995954725313,27.829,19.635
2020-05-20,45.25,-74.25,0,21,0,0.6322237204296404,27.829,19.635
2020-05-20,45.25,-74.0,0,22,0,0.7068612242237531,27.829,19.635
2020-05-20,45.25,-73.75,0,23,0,0.7050271001819073,27.829,19.635
2020-05-20,45.25,-73.5,0,24,0,0.6841657110342712,27.829,19.635
2020-05-20,45.25,-73.25,0,25,0,0.6970091922039601,27.829,19.635
2020-05-20,45.25,-73.0,0,26,0,0.7066271736274853,27.829,19.635
2020-05-20,45.25,-72.75,0,27,0,0.697902515091556,27.829,19.635
2020-05-20,45.25,-72.5,0,28,0,0.7106634765383176,27.829,19.635
2020-05-20,45.25,-72.25,0,29,0,0.7097245136021172,27.829,19.635
2020-05-20,45.25,-72.0,0,30,0,0.6862522773381865,27.829,19.635
2020-05-20,45.25,-71.75,0,31,0,0.661673792881985,27.829,19.635
2020-05-20,45.25,-71.5,0,32,0,0.5939177682965692,27.829,19.635
2020-05-20,45.25,-71.25,0,33,0,0.6047741780752427,27.829,19.635
2020-05-20,45.25,-71.0,0,34,0,0.5933583911329858,27.829,19.635
2020-05-20,45.25,-70.75,0,35,0,0.6136839646609817,27.829,19.635
2020-05-20,45.5,-76.75,1,11,0,0.6309167971383481,27.829,19.549
2020-05-20,45.5,-76.5,1,12,0,0.6224265187275692,27.829,19.549
2020-05-20,45.5,-76.25,1,13,0,0.7054616171448375,27.829,19.549
2020-05-20,45.5,-76.0,1,14,0,0.6937406855152285,27.829,19.549
2020-05-20,45.5,-75.75,1,15,0,0.7054665323146083,27.829,19.549
2020-05-20,45.5,-75.5,1,16,0,0.6878301387716341,27.829,19.549
2020-05-20,45.5,-75.25,1,17,0,0.6649222484299118,27.829,19.549
2020-05-20,45.5,-75.0,1,18,0,0.5741683922450967,27.829,19.549
2020-05-20,45.5,-74.5,1,20,0,0.6091591327374853,27.829,19.549
2020-05-20,45.5,-74.25,1,21,0,0.6620544305292682,27.829,19.549
2020-05-20,45.5,-74.0,1,22,0,0.6631542062534089,27.829,19.549
2020-05-20,45.5,-73.75,1,23,0,0.6317183695303483,27.829,19.549
2020-05-20,45.5,-73.5,1,24,0,0.6965656824262463,27.829,19.549
2020-05-20,45.5,-73.25,1,25,0,0.6408274937388704,27.829,19.549
2020-05-20,45.5,-73.0,1,26,0,0.6377680513120773,27.829,19.549
2020-05-20,45.5,-72.75,1,27,0,0.6331424213819046,27.829,19.549
2020-05-20,45.5,-72.5,1,28,0,0.6342033324273527,27.829,19.549
2020-05-20,45.5,-72.25,1,29,0,0.7055197775290551,27.829,19.549
2020-05-20,45.5,-72.0,1,30,0,0.6558279522561332,27.829,19.549
2020-05-20,45.5,-71.75,1,31,0,0.6099271023284689,27.829,19.549
2020-05-20,45.5,-71.5,1,32,0,0.5966756043387962,27.829,19.549
2020-05-20,45.5,-71.25,1,33,0,0.5704438511204359,27.829,19.549
2020-05-20,45.5,-71.0,1,34,0,0.5952879349557314,27.829,19.549
2020-05-20,45.5,-70.75,1,35,0,0.6996763305096988,27.829,19.549
2020-05-20,45.5,-70.5,1,36,0,0.7019925253461475,27.829,19.549
2020-05-20,45.75,-77.25,2,9,0,0.5933843267400073,27.829,19.462
2020-05-20,45.75,-77.0,2,10,0,0.6075490554696583,27.829,19.462
2020-05-20,45.75,-76.75,2,11,0,0.6197809148737344,27.829,19.462
2020-05-20,45.75,-76.5,2,12,1,0.6298473368258756,27.829,19.462
2020-05-20,45.75,-76.25,2,13,0,0.6295870508524565,27.829,19.462
2020-05-20,45.75,-76.0,2,14,0,0.6216730340070036,27.829,19.462
2020-05-20,45.75,-75.75,2,15,0,0.7063025598118089,27.829,19.462
2020-05-20,45.75,-75.5,2,16,0,0.7070282309539887,27.829,19.462
2020-05-20,45.75,-75.25,2,17,0,0.6261137051898793,27.829,19.462
2020-05-20,45.75,-75.0,2,18,0,0.6050185061074724,27.829,19.462
2020-05-20,45.75,-74.75,2,19,0,0.5929049165880472,27.829,19.462
2020-05-20,45.75,-74.5,2,20,1,0.4598625410123958,27.829,19.462
2020-05-20,45.75,-74.25,2,21,0,0.5931562808323825,27.829,19.462
2020-05-20,45.75,-74.0,2,22,1,0.6049207318297163,27.829,19.462
2020-05-20,45.75,-73.75,2,23,0,0.6203535490520562,27.829,19.462
2020-05-20,45.75,-73.5,2,24,0,0.6193595174457133,27.829,19.462
2020-05-20,45.75,-73.25,2,25,0,0.6257834059452438,27.829,19.462
2020-05-20,45.75,-73.0,2,26,0,0.6397183167541145,27.829,19.462
2020-05-20,45.75,-72.75,2,27,0,0.6396261363449454,27.829,19.462
2020-05-20,45.75,-72.5,2,28,0,0.5621899882607696,27.829,19.462
2020-05-20,45.75,-72.25,2,29,0,0.577273967197012,27.829,19.462
2020-05-20,45.75,-72.0,2,30,0,0.5911742406599202,27.829,19.462
2020-05-20,45.75,-71.75,2,31,0,0.7067565488491088,27.829,19.462
2020-05-20,45.75,-71.5,2,32,0,0.705843225771916,27.829,19.462
2020-05-20,45.75,-71.25,2,33,0,0.6964750357534145,27.829,19.462
2020-05-20,45.75,-71.0,2,34,0,0.7066002746152187,27.829,19.462
2020-05-20,45.75,-70.75,2,35,0,0.7117729484680222,27.829,19.462
2020-05-20,45.75,-70.5,2,36,0,0.7030647221799002,27.829,19.462
2020-05-20,45.75,-70.25,2,37,0,0.712230543928806,27.829,19.462
2020-05-20,46.0,-77.5,3,8,0,0.5993342909980717,27.829,19.375
2020-05-20,46.0,-77.25,3,9,0,0.6103745938866935,27.829,19.375
2020-05-20,46.0,-77.0,3,10,0,0.6123598665028445,27.829,19.375
2020-05-20,46.0,-76.75,3,11,0,0.6040777863739959,27.829,19.375
2020-05-20,46.0,-76.5,3,12,0,0.6071933241040842,27.829,19.375
2020-05-20,46.0,-76.25,3,13,0,0.6177731349830385,27.829,19.375
2020-05-20,46.0,-76.0,3,14,0,0.6287034078403843,27.829,19.375
2020-05-20,46.0,-75.75,3,15,0,0.6577108452335156,27.829,19.375
2020-05-20,46.0,-75.5,3,16,0,0.6403841235789275,27.829,19.375
2020-05-20,46.0,-75.25,3,17,0,0.6330068615528922,27.829,19.375
2020-05-20,46.0,-75.0,3,18,1,0.6296171491620508,27.829,19.375
2020-05-20,46.0,-74.75,3,19,0,0.6243382222950093,27.829,19.375
2020-05-20,46.0,-74.5,3,20,1,0.683508666275679,27.829,19.375
2020-05-20,46.0,-74.25,3,21,0,0.7039759678525097,27.829,19.375
2020-05-20,46.0,-74.0,3,22,1,0.6649716519014433,27.829,19.375
2020-05-20,46.0,-73.75,3,23,1,0.693751906399432,27.829,19.375
2020-05-20,46.0,-73.5,3,24,0,0.6919873618899175,27.829,19.375
2020-05-20,46.0,-73.25,3,25,0,0.6559116607262253,27.829,19.375
2020-05-20,46.0,-73.0,3,26,0,0.6863204572240977,27.829,19.375
2020-05-20,46.0,-72.75,3,27,0,0.6909254924571966,27.829,19.375
2020-05-20,46.0,-72.5,3,28,0,0.658411759745285,27.829,19.375
2020-05-20,46.0,-72.25,3,29,0,0.6319651965197778,27.829,19.375
2020-05-20,46.0,-72.0,3,30,0,0.6986309186913982,27.829,19.375
2020-05-20,46.0,-71.75,3,31,0,0.6866001606002525,27.829,19.375
2020-05-20,46.0,-71.5,3,32,1,0.6951776684200488,27.829,19.375
2020-05-20,46.0,-71.25,3,33,0,0.7032792766204652,27.829,19.375
2020-05-20,46.0,-71.0,3,34,0,0.7019835414075255,27.829,19.375
2020-05-20,46.0,-70.75,3,35,0,0.699346254227337,27.829,19.375
2020-05-20,46.0,-70.5,3,36,0,0.7109136438382186,27.829,19.375
2020-05-20,46.0,-70.25,3,37,0,0.7174873695457804,27.829,19.375
2020-05-20,46.25,-78.75,4,3,0,0.4923552838123566,27.829,19.288
2020-05-20,46.25,-78.5,4,4,0,0.5599354687550714,27.829,19.288
2020-05-20,46.25,-78.25,4,5,0,0.5901744424249548,27.829,19.288
2020-05-20,46.25,-78.0,4,6,0,0.5928216465819516,27.829,19.288
2020-05-20,46.25,-77.75,4,7,0,0.6029427503128681,27.829,19.288
2020-05-20,46.25,-77.5,4,8,0,0.6086318048329651,27.829,19.288
2020-05-20,46.25,-77.25,4,9,0,0.6032183193677588,27.829,19.288
2020-05-20,46.25,-77.0,4,10,0,0.5983996998270898,27.829,19.288
2020-05-20,46.25,-76.75,4,11,0,0.6971746582086292,27.829,19.288
2020-05-20,46.25,-76.5,4,12,0,0.5996278358547832,27.829,19.288
2020-05-20,46.25,-76.25,4,13,0,0.6323349903233372,27.829,19.288
2020-05-20,46.25,-76.0,4,14,0,0.6386927865874529,27.829,19.288
2020-05-20,46.25,-75.75,4,15,0,0.6913301513407372,27.829,19.288
2020-05-20,46.25,-75.5,4,16,0,0.6374455522151998,27.829,19.288
2020-05-20,46.25,-75.25,4,17,0,0.6392886058832226,27.829,19.288
2020-05-20,46.25,-75.0,4,18,0,0.6849349535200133,27.829,19.288
2020-05-20,46.25,-74.75,4,19,1,0.6899123666082567,27.829,19.288
2020-05-20,46.25,-74.5,4,20,0,0.7026460781552072,27.829,19.288
2020-05-20,46.25,-74.25,4,21,0,0.7005799554874996,27.829,19.288
2020-05-20,46.25,-74.0,4,22,0,0.7107082420518904,27.829,19.288
2020-05-20,46.25,-73.75,4,23,0,0.6981661499812585,27.829,19.288
2020-05-20,46.25,-73.5,4,24,0,0.7035205484649385,27.829,19.288
2020-05-20,46.25,-73.25,4,25,0,0.7062531568700497,27.829,19.288
2020-05-20,46.25,-73.0,4,26,0,0.7008283576778485,27.829,19.288
2020-05-20,46.25,-72.75,4,27,0,0.6814779702795517,27.829,19.288
2020-05-20,46.25,-72.5,4,28,0,0.6617869296206063,27.829,19.288
2020-05-20,46.25,-72.25,4,29,0,0.640089388519524,27.829,19.288
2020-05-20,46.25,-72.0,4,30,0,0.6945646949534637,27.829,19.288
2020-05-20,46.25,-71.75,4,31,0,0.6960487341364876,27.829,19.288
2020-05-20,46.25,-71.5,4,32,0,0.7055307022981618,27.829,19.288
2020-05-20,46.25,-71.25,4,33,0,0.7113898496852524,27.829,19.288
2020-05-20,46.25,-71.0,4,34,0,0.708564386867199,27.829,19.288
2020-05-20,46.25,-70.75,4,35,0,0.7122269731367191,27.829,19.288
2020-05-20,46.25,-70.5,4,36,1,0.7212207558576005,27.829,19.288
2020-05-20,46.25,-70.25,4,37,0,0.6916400464222354,27.829,19.288
2020-05-20,46.5,-79.0,5,2,0,0.4977105990451789,27.829,19.2
2020-05-20,46.5,-78.75,5,3,0,0.5819046396878961,27.829,19.2
2020-05-20,46.5,-78.5,5,4,0,0.5958226820927726,27.829,19.2
2020-05-20,46.5,-78.25,5,5,0,0.6014380794174586,27.829,19.2
2020-05-20,46.5,-78.0,5,6,0,0.5959248644990475,27.829,19.2
2020-05-20,46.5,-77.75,5,7,0,0.6096743923711534,27.829,19.2
2020-05-20,46.5,-77.5,5,8,0,0.6058336270030135,27.829,19.2
2020-05-20,46.5,-77.25,5,9,0,0.6367992940456193,27.829,19.2
2020-05-20,46.5,-77.0,5,10,0,0.6988409184150309,27.829,19.2
2020-05-20,46.5,-76.75,5,11,0,0.7022480174423346,27.829,19.2
2020-05-20,46.5,-76.5,5,12,0,0.6536839332762211,27.829,19.2
2020-05-20,46.5,-76.25,5,13,0,0.6577044756990822,27.829,19.2
2020-05-20,46.5,-76.0,5,14,0,0.6391093688357932,27.829,19.2
2020-05-20,46.5,-75.75,5,15,1,0.6611745923182676,27.829,19.2
2020-05-20,46.5,-75.5,5,16,0,0.7066408022726872,27.829,19.2
2020-05-20,46.5,-75.25,5,17,0,0.7061212116769645,27.829,19.2
2020-05-20,46.5,-75.0,5,18,0,0.6839365197912615,27.829,19.2
2020-05-20,46.5,-74.75,5,19,0,0.7000552893531591,27.829,19.2
2020-05-20,46.5,-74.5,5,20,0,0.7054853654883251,27.829,19.2
2020-05-20,46.5,-74.25,5,21,0,0.706268245253364,27.829,19.2
2020-05-20,46.5,-74.0,5,22,1,0.7043757723952554,27.829,19.2
2020-05-20,46.5,-73.75,5,23,0,0.6244795856687622,27.829,19.2
2020-05-20,46.5,-73.5,5,24,0,0.5369206647245623,27.829,19.2
2020-05-20,46.5,-73.25,5,25,1,0.6407901493434472,27.829,19.2
2020-05-20,46.5,-73.0,5,26,1,0.7021085052596401,27.829,19.2
2020-05-20,46.5,-72.75,5,27,0,0.7029905042773384,27.829,19.2
2020-05-20,46.5,-72.5,5,28,1,0.6953814405956249,27.829,19.2
2020-05-20,46.5,-72.25,5,29,1,0.6503545931630219,27.829,19.2
2020-05-20,46.5,-72.0,5,30,0,0.6944099028343009,27.829,19.2
2020-05-20,46.5,-71.75,5,31,0,0.707050268148432,27.829,19.2
2020-05-20,46.5,-71.5,5,32,1,0.6983928442246304,27.829,19.2
2020-05-20,46.5,-71.25,5,33,0,0.6785977399066611,27.829,19.2
2020-05-20,46.5,-71.0,5,34,0,0.663184043743691,27.829,19.2
2020-05-20,46.5,-70.75,5,35,0,0.6462363738833108,27.829,19.2
2020-05-20,46.5,-70.5,5,36,0,0.682004225527468,27.829,19.2
2020-05-20,46.5,-70.25,5,37,0,0.6929089055884204,27.829,19.2
2020-05-20,46.5,-70.0,5,38,0,0.7059474292522896,27.829,19.2
2020-05-20,46.75,-79.25,6,1,0,0.5347547739945817,27.829,19.112
2020-05-20,46.75,-79.0,6,2,0,0.5557821959373334,27.829,19.112
2020-05-20,46.75,-78.75,6,3,0,0.5951857281231238,27.829,19.112
2020-05-20,46.75,-78.5,6,4,0,0.5981448284417081,27.829,19.112
2020-05-20,46.75,-78.25,6,5,0,0.6109841859405801,27.829,19.112
2020-05-20,46.75,-78.0,6,6,0,0.620053126275343,27.829,19.112
2020-05-20,46.75,-77.75,6,7,0,0.6263916666306256,27.829,19.112
2020-05-20,46.75,-77.5,6,8,0,0.629255679499218,27.829,19.112
2020-05-20,46.75,-77.25,6,9,0,0.6260828179735027,27.829,19.112
2020-05-20,46.75,-77.0,6,10,1,0.6315418827744831,27.829,19.112
2020-05-20,46.75,-76.75,6,11,0,0.6324601185084169,27.829,19.112
2020-05-20,46.75,-76.5,6,12,0,0.6914373536711084,27.829,19.112
2020-05-20,46.75,-76.25,6,13,0,0.6978253003731674,27.829,19.112
2020-05-20,46.75,-76.0,6,14,0,0.6953464736634615,27.829,19.112
2020-05-20,46.75,-75.75,6,15,0,0.7001288120329343,27.829,19.112
2020-05-20,46.75,-75.5,6,16,0,0.7053859705253621,27.829,19.112
2020-05-20,46.75,-75.25,6,17,1,0.6866386597092144,27.829,19.112
2020-05-20,46.75,-75.0,6,18,0,0.7065836833068254,27.829,19.112
2020-05-20,46.75,-74.75,6,19,0,0.7020743366266778,27.829,19.112
2020-05-20,46.75,-74.5,6,20,0,0.7020423874065496,27.829,19.112
2020-05-20,46.75,-74.25,6,21,0,0.7061541583337216,27.829,19.112
2020-05-20,46.75,-74.0,6,22,0,0.7048955083837425,27.829,19.112
2020-05-20,46.75,-73.75,6,23,0,0.7055146870237682,27.829,19.112
2020-05-20,46.75,-73.5,6,24,0,0.7054507044861451,27.829,19.112
2020-05-20,46.75,-73.25,6,25,0,0.6995337937973515,27.829,19.112
2020-05-20,46.75,-73.0,6,26,0,0.6965374830886247,27.829,19.112
2020-05-20,46.75,-72.75,6,27,0,0.6349929971048852,27.829,19.112
2020-05-20,46.75,-72.5,6,28,0,0.625710697102378,27.829,19.112
2020-05-20,46.75,-72.25,6,29,0,0.6014723479656792,27.829,19.112
2020-05-20,46.75,-72.0,6,30,0,0.5906663026054954,27.829,19.112
2020-05-20,46.75,-71.75,6,31,0,0.6244996747617824,27.829,19.112
2020-05-20,46.75,-71.5,6,32,0,0.6965177284071518,27.829,19.112
2020-05-20,46.75,-71.25,6,33,0,0.7105838824554109,27.829,19.112
2020-05-20,46.75,-71.0,6,34,0,0.7094607442887827,27.829,19.112
2020-05-20,46.75,-70.75,6,35,0,0.6353174985500339,27.829,19.112
2020-05-20,46.75,-70.5,6,36,0,0.6781192755418037,27.829,19.112
2020-05-20,46.75,-70.25,6,37,0,0.6931727017674963,27.829,19.112
2020-05-20,46.75,-70.0,6,38,0,0.6951550317577049,27.829,19.112
2020-05-20,46.75,-69.75,6,39,0,0.7037191401082008,27.829,19.112
2020-05-20,47.0,-79.5,7,0,0,0.5934489034673404,27.829,19.024
2020-05-20,47.0,-79.25,7,1,0,0.6017779929549083,27.829,19.024
2020-05-20,47.0,-79.0,7,2,0,0.6168265366109815,27.829,19.024
2020-05-20,47.0,-78.75,7,3,0,0.6250941247211507,27.829,19.024
2020-05-20,47.0,-78.5,7,4,0,0.6126153793104205,27.829,19.024
2020-05-20,47.0,-78.25,7,5,0,0.6105560642857681,27.829,19.024
2020-05-20,47.0,-78.0,7,6,0,0.6309827352116931,27.829,19.024
2020-05-20,47.0,-77.75,7,7,0,0.706854366493127,27.829,19.024
2020-05-20,47.0,-77.5,7,8,0,0.7037434217710556,27.829,19.024
2020-05-20,47.0,-77.25,7,9,0,0.6862986936176058,27.829,19.024
2020-05-20,47.0,-77.0,7,10,0,0.6865762890362129,27.829,19.024
2020-05-20,47.0,-76.75,7,11,0,0.6864257077431297,27.829,19.024
2020-05-20,47.0,-76.5,7,12,0,0.6972767209723594,27.829,19.024
2020-05-20,47.0,-76.25,7,13,0,0.7031197337694547,27.829,19.024
2020-05-20,47.0,-76.0,7,14,0,0.7063092154121697,27.829,19.024
2020-05-20,47.0,-75.75,7,15,0,0.7063045511813903,27.829,19.024
2020-05-20,47.0,-75.5,7,16,0,0.7045697989840316,27.829,19.024
2020-05-20,47.0,-75.25,7,17,0,0.7069884863518361,27.829,19.024
2020-05-20,47.0,-75.0,7,18,0,0.7070631188667615,27.829,19.024
2020-05-20,47.0,-74.75,7,19,0,0.7070531767443546,27.829,19.024
2020-05-20,47.0,-74.5,7,20,0,0.6940906243182765,27.829,19.024
2020-05-20,47.0,-74.25,7,21,0,0.7193503255524516,27.829,19.024
2020-05-20,47.0,-74.0,7,22,0,0.7090573944696372,27.829,19.024
2020-05-20,47.0,-73.75,7,23,0,0.7075371913569991,27.829,19.024
2020-05-20,47.0,-73.5,7,24,0,0.6975969781902723,27.829,19.024
2020-05-20,47.0,-73.25,7,25,0,0.6941286780410232,27.829,19.024
2020-05-20,47.0,-73.0,7,26,0,0.6882804350880974,27.829,19.024
2020-05-20,47.0,-72.75,7,27,0,0.5927074385869678,27.829,19.024
2020-05-20,47.0,-72.5,7,28,0,0.5915269311758171,27.829,19.024
2020-05-20,47.0,-72.25,7,29,0,0.5079095795009043,27.829,19.024
2020-05-20,47.0,-72.0,7,30,0,0.5380051575903614,27.829,19.024
2020-05-20,47.0,-71.75,7,31,0,0.596358853950086,27.829,19.024
2020-05-20,47.0,-71.5,7,32,0,0.6485035967251639,27.829,19.024
2020-05-20,47.0,-71.25,7,33,0,0.6447596392207393,27.829,19.024
2020-05-20,47.0,-71.0,7,34,1,0.7018098611326384,27.829,19.024
2020-05-20,47.0,-70.75,7,35,0,0.6310522193165223,27.829,19.024
2020-05-20,47.0,-70.5,7,36,0,0.6920596678104973,27.829,19.024
2020-05-20,47.0,-70.25,7,37,0,0.7070375316117798,27.829,19.024
2020-05-20,47.0,-70.0,7,38,0,0.6620675069706634,27.829,19.024
2020-05-20,47.0,-69.75,7,39,0,0.6404471216340354,27.829,19.024
2020-05-20,47.0,-69.5,7,40,0,0.6388070791214282,27.829,19.024
2020-05-20,47.25,-79.5,8,0,0,0.5282380483492732,27.829,18.935
2020-05-20,47.25,-79.25,8,1,0,0.6301736838900467,27.829,18.935
2020-05-20,47.25,-79.0,8,2,0,0.6316012798210656,27.829,18.935
2020-05-20,47.25,-78.75,8,3,0,0.632683849263869,27.829,18.935
2020-05-20,47.25,-78.5,8,4,0,0.6342606030940953,27.829,18.935
2020-05-20,47.25,-78.25,8,5,0,0.633282985054769,27.829,18.935
2020-05-20,47.25,-78.0,8,6,0,0.6982231122026546,27.829,18.935
2020-05-20,47.25,-77.75,8,7,0,0.7120029760159048,27.829,18.935
2020-05-20,47.25,-77.5,8,8,0,0.7003837172234035,27.829,18.935
2020-05-20,47.25,-77.25,8,9,0,0.6977441146530322,27.829,18.935
2020-05-20,47.25,-77.0,8,10,0,0.6914121420050274,27.829,18.935
2020-05-20,47.25,-76.75,8,11,0,0.7070467300443023,27.829,18.935
2020-05-20,47.25,-76.5,8,12,0,0.704755559303912,27.829,18.935
2020-05-20,47.25,-76.25,8,13,0,0.703846069773487,27.829,18.935
2020-05-20,47.25,-76.0,8,14,0,0.7016909830591543,27.829,18.935
2020-05-20,47.25,-75.75,8,15,0,0.6927298418130332,27.829,18.935
2020-05-20,47.25,-75.5,8,16,0,0.7101147434508802,27.829,18.935
2020-05-20,47.25,-75.25,8,17,0,0.7133110905682635,27.829,18.935
2020-05-20,47.25,-75.0,8,18,0,0.7132304788390872,27.829,18.935
2020-05-20,47.25,-74.75,8,19,0,0.7031773994445609,27.829,18.935
2020-05-20,47.25,-74.5,8,20,0,0.7102564706467893,27.829,18.935
2020-05-20,47.25,-74.25,8,21,0,0.7226421573553227,27.829,18.935
2020-05-20,47.25,-74.0,8,22,0,0.7299371653601341,27.829,18.935
2020-05-20,47.25,-73.75,8,23,0,0.71987485719677,27.829,18.935
2020-05-20,47.25,-73.5,8,24,0,0.6996814554669639,27.829,18.935
2020-05-20,47.25,-73.25,8,25,0,0.6995532744031543,27.829,18.935
2020-05-20,47.25,-73.0,8,26,0,0.6849617225101213,27.829,18.935
2020-05-20,47.25,-72.75,8,27,0,0.6090370007868033,27.829,18.935
2020-05-20,47.25,-72.5,8,28,0,0.6108140924205254,27.829,18.935
2020-05-20,47.25,-72.25,8,29,0,0.6184279859752196,27.829,18.935
2020-05-20,47.25,-72.0,8,30,0,0.6271197677405597,27.829,18.935
2020-05-20,47.25,-71.75,8,31,0,0.6241478268497466,27.829,18.935
2020-05-20,47.25,-71.5,8,32,0,0.6267176390393321,27.829,18.935
2020-05-20,47.25,-71.25,8,33,0,0.628313300384626,27.829,18.935
2020-05-20,47.25,-71.0,8,34,0,0.6507918937986013,27.829,18.935
2020-05-20,47.25,-70.75,8,35,0,0.6365497329362622,27.829,18.935
2020-05-20,47.25,-70.5,8,36,0,0.6717446062564842,27.829,18.935
2020-05-20,47.25,-70.0,8,38,0,0.7042097677016214,27.829,18.935
2020-05-20,47.25,-69.75,8,39,0,0.6624654309678107,27.829,18.935
2020-05-20,47.25,-69.5,8,40,0,0.6775181475053352,27.829,18.935
2020-05-20,47.25,-69.25,8,41,0,0.6968141204756697,27.829,18.935
2020-05-20,47.25,-69.0,8,42,0,0.7006821919293956,27.829,18.935
2020-05-20,47.25,-68.75,8,43,0,0.7006397478793999,27.829,18.935
2020-05-20,47.5,-79.5,9,0,0,0.5420806085570586,27.829,18.846
2020-05-20,47.5,-79.25,9,1,0,0.5545062464864505,27.829,18.846
2020-05-20,47.5,-79.0,9,2,0,0.6329247007339163,27.829,18.846
2020-05-20,47.5,-78.75,9,3,0,0.6328313732580584,27.829,18.846
2020-05-20,47.5,-78.5,9,4,0,0.6953441510608741,27.829,18.846
2020-05-20,47.5,-78.25,9,5,0,0.6928468407999642,27.829,18.846
2020-05-20,47.5,-78.0,9,6,0,0.702856755427147,27.829,18.846
2020-05-20,47.5,-77.75,9,7,0,0.7051649987547581,27.829,18.846
2020-05-20,47.5,-77.5,9,8,0,0.7059254053512656,27.829,18.846
2020-05-20,47.5,-77.25,9,9,0,0.7110615577668702,27.829,18.846
2020-05-20,47.5,-77.0,9,10,0,0.7015777625423802,27.829,18.846
2020-05-20,47.5,-76.75,9,11,0,0.7104753661213747,27.829,18.846
2020-05-20,47.5,-76.5,9,12,0,0.6936349478197013,27.829,18.846
2020-05-20,47.5,-76.25,9,13,0,0.6978007190177279,27.829,18.846
2020-05-20,47.5,-76.0,9,14,0,0.7122672610215783,27.829,18.846
2020-05-20,47.5,-75.75,9,15,0,0.7118545186113995,27.829,18.846
2020-05-20,47.5,-75.5,9,16,0,0.7101393088243196,27.829,18.846
2020-05-20,47.5,-75.25,9,17,0,0.7182403280105604,27.829,18.846
2020-05-20,47.5,-75.0,9,18,0,0.7189383208101351,27.829,18.846
2020-05-20,47.5,-74.75,9,19,0,0.7077409159884698,27.829,18.846
2020-05-20,47.5,-74.5,9,20,0,0.720976162177746,27.829,18.846
2020-05-20,47.5,-74.25,9,21,0,0.7308417714763854,27.829,18.846
2020-05-20,47.5,-74.0,9,22,0,0.7251369332663575,27.829,18.846
2020-05-20,47.5,-73.75,9,23,0,0.710833905283712,27.829,18.846
2020-05-20,47.5,-73.5,9,24,0,0.706679887935943,27.829,18.846
2020-05-20,47.5,-73.25,9,25,0,0.7050686555209784,27.829,18.846
2020-05-20,47.5,-73.0,9,26,0,0.7032850559577928,27.829,18.846
2020-05-20,47.5,-72.75,9,27,0,0.6982078923984255,27.829,18.846
2020-05-20,47.5,-72.5,9,28,0,0.6851657186457982,27.829,18.846
2020-05-20,47.5,-72.25,9,29,0,0.6997592420653663,27.829,18.846
2020-05-20,47.5,-72.0,9,30,0,0.6916185626303912,27.829,18.846
2020-05-20,47.5,-71.75,9,31,0,0.6609389384239388,27.829,18.846
2020-05-20,47.5,-71.5,9,32,0,0.6785222814068228,27.829,18.846
2020-05-20,47.5,-71.25,9,33,0,0.6354080098485771,27.829,18.846
2020-05-20,47.5,-71.0,9,34,0,0.6365316982863495,27.829,18.846
2020-05-20,47.5,-70.75,9,35,0,0.6911320185994778,27.829,18.846
2020-05-20,47.5,-70.5,9,36,0,0.6626236170209445,27.829,18.846
2020-05-20,47.5,-70.25,9,37,0,0.7005027997657335,27.829,18.846
2020-05-20,47.5,-70.0,9,38,0,0.7215013136420806,27.829,18.846
2020-05-20,47.5,-69.75,9,39,0,0.6951146156422231,27.829,18.846
2020-05-20,47.5,-69.5,9,40,0,0.7031862481586192,27.829,18.846
2020-05-20,47.5,-69.25,9,41,0,0.6912973920776004,27.829,18.846
2020-05-20,47.5,-69.0,9,42,0,0.6022879221448236,27.829,18.846
2020-05-20,47.5,-68.75,9,43,0,0.7068479241004898,27.829,18.846
2020-05-20,47.5,-68.5,9,44,0,0.6980248565320502,27.829,18.846
2020-05-20,47.75,-79.5,10,0,0,0.5941333052576708,27.829,18.756
2020-05-20,47.75,-79.25,10,1,1,0.48783865832536,27.829,18.756
2020-05-20,47.75,-79.0,10,2,0,0.6556482072354094,27.829,18.756
2020-05-20,47.75,-78.75,10,3,0,0.7118237708392859,27.829,18.756
2020-05-20,47.75,-78.5,10,4,0,0.7022796983810933,27.829,18.756
2020-05-20,47.75,-78.25,10,5,0,0.7093923443444615,27.829,18.756
2020-05-20,47.75,-78.0,10,6,0,0.7110495554101656,27.829,18.756
2020-05-20,47.75,-77.75,10,7,0,0.7116582017645068,27.829,18.756
2020-05-20,47.75,-77.5,10,8,0,0.7021540805149803,27.829,18.756
2020-05-20,47.75,-77.25,10,9,0,0.692042563221179,27.829,18.756
2020-05-20,47.75,-77.0,10,10,0,0.7006261656120631,27.829,18.756
2020-05-20,47.75,-76.75,10,11,0,0.7060475122342053,27.829,18.756
2020-05-20,47.75,-76.5,10,12,0,0.707059860558919,27.829,18.756
2020-05-20,47.75,-76.25,10,13,0,0.7013174989600983,27.829,18.756
2020-05-20,47.75,-76.0,10,14,0,0.7146709162786955,27.829,18.756
2020-05-20,47.75,-75.75,10,15,0,0.7117764217473631,27.829,18.756
2020-05-20,47.75,-75.5,10,16,0,0.7101622111492696,27.829,18.756
2020-05-20,47.75,-75.25,10,17,0,0.7082808398543967,27.829,18.756
2020-05-20,47.75,-75.0,10,18,0,0.7102900004347947,27.829,18.756
2020-05-20,47.75,-74.75,10,19,0,0.7101699272551082,27.829,18.756
2020-05-20,47.75,-74.5,10,20,0,0.7100337025294313,27.829,18.756
2020-05-20,47.75,-74.25,10,21,0,0.7110633031421163,27.829,18.756
2020-05-20,47.75,-74.0,10,22,0,0.7227640892596355,27.829,18.756
2020-05-20,47.75,-73.75,10,23,0,0.7117420022901887,27.829,18.756
2020-05-20,47.75,-73.5,10,24,0,0.7054916149099656,27.829,18.756
2020-05-20,47.75,-73.25,10,25,0,0.7009144195110308,27.829,18.756
2020-05-20,47.75,-73.0,10,26,0,0.7101922519376178,27.829,18.756
2020-05-20,47.75,-72.75,10,27,0,0.707047475666113,27.829,18.756
2020-05-20,47.75,-72.5,10,28,0,0.7099840648237555,27.829,18.756
2020-05-20,47.75,-72.25,10,29,0,0.6996150939687282,27.829,18.756
2020-05-20,47.75,-72.0,10,30,0,0.7068119845928398,27.829,18.756
2020-05-20,47.75,-71.75,10,31,0,0.6906703747958132,27.829,18.756
2020-05-20,47.75,-71.5,10,32,0,0.7027399802847261,27.829,18.756
2020-05-20,47.75,-71.25,10,33,0,0.6985493114008103,27.829,18.756
2020-05-20,47.75,-71.0,10,34,0,0.7065294040017445,27.829,18.756
2020-05-20,47.75,-70.75,10,35,0,0.6995375066694122,27.829,18.756
2020-05-20,47.75,-70.5,10,36,0,0.6981062990789525,27.829,18.756
2020-05-20,47.75,-70.25,10,37,0,0.7260818370190476,27.829,18.756
2020-05-20,47.75,-70.0,10,38,0,0.7380529715908067,27.829,18.756
2020-05-20,47.75,-69.75,10,39,0,0.7164307230806065,27.829,18.756
2020-05-20,47.75,-69.5,10,40,0,0.698822100180746,27.829,18.756
2020-05-20,47.75,-69.25,10,41,0,0.6330747235603691,27.829,18.756
2020-05-20,47.75,-69.0,10,42,0,0.6601889869212899,27.829,18.756
2020-05-20,47.75,-68.75,10,43,0,0.7066175947639997,27.829,18.756
2020-05-20,47.75,-68.5,10,44,0,0.7122818955803378,27.829,18.756
2020-05-20,47.75,-67.5,10,48,0,0.6944575083027613,27.829,18.756
2020-05-20,47.75,-67.25,10,49,0,0.7023909806381022,27.829,18.756
2020-05-20,48.0,-79.5,11,0,0,0.7068820785362695,27.829,18.666
2020-05-20,48.0,-79.25,11,1,0,0.6989108790345597,27.829,18.666
2020-05-20,48.0,-79.0,11,2,0,0.4011794212733,27.829,18.666
2020-05-20,48.0,-78.75,11,3,0,0.39186855006557,27.829,18.666
2020-05-20,48.0,-78.5,11,4,0,0.4002333140249162,27.829,18.666
2020-05-20,48.0,-78.25,11,5,0,0.7000089664764666,27.829,18.666
2020-05-20,48.0,-78.0,11,6,0,0.7095591512312237,27.829,18.666
2020-05-20,48.0,-77.75,11,7,0,0.6955979012156045,27.829,18.666
2020-05-20,48.0,-77.5,11,8,0,0.6951959232659338,27.829,18.666
2020-05-20,48.0,-77.25,11,9,0,0.7007872867724823,27.829,18.666
2020-05-20,48.0,-77.0,11,10,0,0.7056431284299397,27.829,18.666
2020-05-20,48.0,-76.75,11,11,0,0.705483875861884,27.829,18.666
2020-05-20,48.0,-76.5,11,12,0,0.706647572769814,27.829,18.666
2020-05-20,48.0,-76.25,11,13,0,0.6973349642525054,27.829,18.666
2020-05-20,48.0,-76.0,11,14,0,0.6934549802688504,27.829,18.666
2020-05-20,48.0,-75.75,11,15,0,0.7085466046210677,27.829,18.666
2020-05-20,48.0,-75.5,11,16,0,0.7120010777128941,27.829,18.666
2020-05-20,48.0,-75.25,11,17,0,0.7089625924759023,27.829,18.666
2020-05-20,48.0,-75.0,11,18,0,0.711484795383971,27.829,18.666
2020-05-20,48.0,-74.75,11,19,0,0.7146699836214505,27.829,18.666
2020-05-20,48.0,-74.5,11,20,0,0.6914730925855618,27.829,18.666
2020-05-20,48.0,-74.25,11,21,0,0.6927529038650712,27.829,18.666
2020-05-20,48.0,-74.0,11,22,0,0.7027008152618299,27.829,18.666
2020-05-20,48.0,-73.75,11,23,0,0.7058664348708849,27.829,18.666
2020-05-20,48.0,-73.5,11,24,0,0.6982821642719306,27.829,18.666
2020-05-20,48.0,-73.25,11,25,0,0.7004015567192808,27.829,18.666
2020-05-20,48.0,-73.0,11,26,0,0.7076996876478041,27.829,18.666
2020-05-20,48.0,-72.75,11,27,0,0.7234336761888515,27.829,18.666
2020-05-20,48.0,-72.5,11,28,0,0.7118152704503932,27.829,18.666
2020-05-20,48.0,-72.25,11,29,0,0.7113023919088777,27.829,18.666
2020-05-20,48.0,-72.0,11,30,0,0.7114201418561321,27.829,18.666
2020-05-20,48.0,-71.75,11,31,0,0.704738805281592,27.829,18.666
2020-05-20,48.0,-71.5,11,32,0,0.7069240591864366,27.829,18.666
2020-05-20,48.0,-71.25,11,33,0,0.706646400395375,27.829,18.666
2020-05-20,48.0,-71.0,11,34,0,0.7112210825183058,27.829,18.666
2020-05-20,48.0,-70.75,11,35,0,0.7062256092933965,27.829,18.666
2020-05-20,48.0,-70.5,11,36,0,0.7202429858540226,27.829,18.666
2020-05-20,48.0,-70.25,11,37,0,0.7026130800794136,27.829,18.666
2020-05-20,48.0,-70.0,11,38,0,0.7125668132506873,27.829,18.666
2020-05-20,48.0,-69.75,11,39,0,0.706804323581843,27.829,18.666
2020-05-20,48.0,-69.5,11,40,0,0.7067902298373202,27.829,18.666
2020-05-20,48.0,-69.25,11,41,0,0.7029078092141279,27.829,18.666
2020-05-20,48.0,-69.0,11,42,0,0.6351988519236172,27.829,18.666
2020-05-20,48.0,-68.75,11,43,0,0.7029731187114695,27.829,18.666
2020-05-20,48.0,-68.5,11,44,0,0.7139192275804982,27.829,18.666
2020-05-20,48.0,-68.25,11,45,0,0.7190686377894565,27.829,18.666
2020-05-20,48.0,-68.0,11,46,0,0.719433488171574,27.829,18.666
2020-05-20,48.0,-67.75,11,47,0,0.7101332976013781,27.829,18.666
2020-05-20,48.0,-67.5,11,48,0,0.7066942842444864,27.829,18.666
2020-05-20,48.0,-67.25,11,49,0,0.68756438145362,27.829,18.666
2020-05-20,48.0,-67.0,11,50,1,0.6978043663362025,27.829,18.666
2020-05-20,48.0,-66.75,11,51,0,0.691312955598596,27.829,18.666
2020-05-20,48.0,-66.5,11,52,0,0.6907602034672576,27.829,18.666
2020-05-20,48.0,-66.25,11,53,0,0.7008483544366386,27.829,18.666
2020-05-20,48.0,-66.0,11,54,0,0.6537835691972339,27.829,18.666
2020-05-20,48.0,-65.75,11,55,0,0.7381281256604252,27.829,18.666
2020-05-20,48.0,-65.5,11,56,1,0.7302806857668492,27.829,18.666
2020-05-20,48.0,-65.25,11,57,0,0.7145766026772885,27.829,18.666
2020-05-20,48.0,-65.0,11,58,0,0.7297931994954534,27.829,18.666
2020-05-20,48.25,-79.5,12,0,0,0.6995939643472501,27.829,18.576
2020-05-20,48.25,-79.25,12,1,0,0.6940868829661737,27.829,18.576
2020-05-20,48.25,-79.0,12,2,0,0.5491904742431998,27.829,18.576
2020-05-20,48.25,-78.75,12,3,0,0.4443360978294327,27.829,18.576
2020-05-20,48.25,-78.5,12,4,0,0.3950855656898566,27.829,18.576
2020-05-20,48.25,-78.25,12,5,0,0.705740691798355,27.829,18.576
2020-05-20,48.25,-78.0,12,6,0,0.7038092640304059,27.829,18.576
2020-05-20,48.25,-77.75,12,7,0,0.6910474208448214,27.829,18.576
2020-05-20,48.25,-77.5,12,8,0,0.6954809761987706,27.829,18.576
2020-05-20,48.25,-77.25,12,9,0,0.6894903561925527,27.829,18.576
2020-05-20,48.25,-77.0,12,10,0,0.7052586729074798,27.829,18.576
2020-05-20,48.25,-76.75,12,11,0,0.697307297118835,27.829,18.576
2020-05-20,48.25,-76.5,12,12,0,0.7026439320313295,27.829,18.576
2020-05-20,48.25,-76.25,12,13,0,0.702546895056114,27.829,18.576
2020-05-20,48.25,-76.0,12,14,0,0.6946715581558907,27.829,18.576
2020-05-20,48.25,-75.75,12,15,0,0.7188401144806852,27.829,18.576
2020-05-20,48.25,-75.5,12,16,0,0.728984213128308,27.829,18.576
2020-05-20,48.25,-75.25,12,17,0,0.7146563588922997,27.829,18.576
2020-05-20,48.25,-75.0,12,18,0,0.7134375147469738,27.829,18.576
2020-05-20,48.25,-74.75,12,19,0,0.7078025183813005,27.829,18.576
2020-05-20,48.25,-74.5,12,20,0,0.71588346388714,27.829,18.576
2020-05-20,48.25,-74.25,12,21,0,0.7131011559395454,27.829,18.576
2020-05-20,48.25,-74.0,12,22,0,0.7050396198746983,27.829,18.576
2020-05-20,48.25,-73.75,12,23,0,0.7054969750494718,27.829,18.576
2020-05-20,48.25,-73.5,12,24,0,0.7063647614804388,27.829,18.576
2020-05-20,48.25,-73.25,12,25,0,0.6328771076139975,27.829,18.576
2020-05-20,48.25,-73.0,12,26,0,0.6982497958850881,27.829,18.576
2020-05-20,48.25,-72.75,12,27,0,0.7079649860575412,27.829,18.576
2020-05-20,48.25,-72.5,12,28,0,0.70954828975039,27.829,18.576
2020-05-20,48.25,-72.25,12,29,0,0.7114677187077006,27.829,18.576
2020-05-20,48.25,-72.0,12,30,0,0.694918585834215,27.829,18.576
2020-05-20,48.25,-71.75,12,31,0,0.7005077379732133,27.829,18.576
2020-05-20,48.25,-71.5,12,32,0,0.7033572334087229,27.829,18.576
2020-05-20,48.25,-71.25,12,33,0,0.7051656123410505,27.829,18.576
2020-05-20,48.25,-71.0,12,34,0,0.70438162028353,27.829,18.576
2020-05-20,48.25,-70.75,12,35,0,0.7114585559791473,27.829,18.576
2020-05-20,48.25,-70.5,12,36,0,0.698566885174258,27.829,18.576
2020-05-20,48.25,-70.25,12,37,0,0.6577584086212027,27.829,18.576
2020-05-20,48.25,-70.0,12,38,0,0.6240945149109025,27.829,18.576
2020-05-20,48.25,-69.75,12,39,0,0.7122833464924887,27.829,18.576
2020-05-20,48.25,-69.5,12,40,0,0.7228458941887081,27.829,18.576
2020-05-20,48.25,-69.25,12,41,0,0.7365370932722286,27.829,18.576
2020-05-20,48.25,-68.75,12,43,0,0.7117836622490732,27.829,18.576
2020-05-20,48.25,-68.5,12,44,0,0.6964371261261595,27.829,18.576
2020-05-20,48.25,-68.25,12,45,0,0.7113888462587997,27.829,18.576
2020-05-20,48.25,-68.0,12,46,0,0.7099969339674821,27.829,18.576
2020-05-20,48.25,-67.75,12,47,0,0.6910245966716609,27.829,18.576
2020-05-20,48.25,-67.5,12,48,0,0.6608657460499726,27.829,18.576
2020-05-20,48.25,-67.25,12,49,0,0.6893853453589157,27.829,18.576
2020-05-20,48.25,-67.0,12,50,0,0.6874958748946028,27.829,18.576
2020-05-20,48.25,-66.75,12,51,0,0.6407503076874767,27.829,18.576
2020-05-20,48.25,-66.5,12,52,1,0.6443204144639227,27.829,18.576
2020-05-20,48.25,-66.25,12,53,0,0.6987180226606767,27.829,18.576
2020-05-20,48.25,-66.0,12,54,0,0.7005108151929571,27.829,18.576
2020-05-20,48.25,-65.75,12,55,0,0.7109619872301902,27.829,18.576
2020-05-20,48.25,-65.5,12,56,0,0.7101030673118371,27.829,18.576
2020-05-20,48.25,-65.25,12,57,0,0.7068892562464032,27.829,18.576
2020-05-20,48.25,-65.0,12,58,0,0.689834198905106,27.829,18.576
2020-05-20,48.25,-64.75,12,59,0,0.711401718355674,27.829,18.576
2020-05-20,48.5,-79.5,13,0,0,0.4194827732001547,27.829,18.486
2020-05-20,48.5,-79.25,13,1,0,0.2905325654712116,27.829,18.486
2020-05-20,48.5,-79.0,13,2,0,0.2513638070529065,27.829,18.486
2020-05-20,48.5,-78.75,13,3,0,0.6288952026819993,27.829,18.486
2020-05-20,48.5,-78.5,13,4,0,0.319584874405494,27.829,18.486
2020-05-20,48.5,-78.25,13,5,0,0.7008211649043363,27.829,18.486
2020-05-20,48.5,-78.0,13,6,0,0.701797442008125,27.829,18.486
2020-05-20,48.5,-77.75,13,7,0,0.6515393196510264,27.829,18.486
2020-05-20,48.5,-77.5,13,8,0,0.632522275113102,27.829,18.486
2020-05-20,48.5,-77.25,13,9,0,0.6343444111543282,27.829,18.486
2020-05-20,48.5,-77.0,13,10,0,0.6367872552867259,27.829,18.486
2020-05-20,48.5,-76.75,13,11,0,0.6161225055047367,27.829,18.486
2020-05-20,48.5,-76.5,13,12,0,0.6924603488140094,27.829,18.486
2020-05-20,48.5,-76.25,13,13,0,0.7115700066758379,27.829,18.486
2020-05-20,48.5,-76.0,13,14,0,0.6918010192942188,27.829,18.486
2020-05-20,48.5,-75.75,13,15,0,0.7087311181849939,27.829,18.486
2020-05-20,48.5,-75.5,13,16,0,0.7207923557066228,27.829,18.486
2020-05-20,48.5,-75.25,13,17,0,0.736979794336213,27.829,18.486
2020-05-20,48.5,-75.0,13,18,0,0.7130703224456376,27.829,18.486
2020-05-20,48.5,-74.75,13,19,0,0.7271910828830873,27.829,18.486
2020-05-20,48.5,-74.5,13,20,0,0.726416638855084,27.829,18.486
2020-05-20,48.5,-74.25,13,21,0,0.7262459219592602,27.829,18.486
2020-05-20,48.5,-74.0,13,22,0,0.7002297578518631,27.829,18.486
2020-05-20,48.5,-73.75,13,23,0,0.7270368186349596,27.829,18.486
2020-05-20,48.5,-73.5,13,24,0,0.7309072171814225,27.829,18.486
2020-05-20,48.5,-73.25,13,25,0,0.6751732640168263,27.829,18.486
2020-05-20,48.5,-73.0,13,26,0,0.6287039893347744,27.829,18.486
2020-05-20,48.5,-72.75,13,27,0,0.7013388878433705,27.829,18.486
2020-05-20,48.5,-72.5,13,28,0,0.7059888114678711,27.829,18.486
2020-05-20,48.5,-72.25,13,29,0,0.7063291867257742,27.829,18.486
2020-05-20,48.5,-72.0,13,30,0,0.6388887684131788,27.829,18.486
2020-05-20,48.5,-71.75,13,31,0,0.696567969720978,27.829,18.486
2020-05-20,48.5,-71.5,13,32,0,0.689006510766319,27.829,18.486
2020-05-20,48.5,-71.25,13,33,0,0.6967059193382149,27.829,18.486
2020-05-20,48.5,-71.0,13,34,1,0.7003086653680756,27.829,18.486
2020-05-20,48.5,-70.75,13,35,0,0.7036193100579999,27.829,18.486
2020-05-20,48.5,-70.5,13,36,0,0.7107693294920846,27.829,18.486
2020-05-20,48.5,-70.25,13,37,0,0.7070302273511234,27.829,18.486
2020-05-20,48.5,-70.0,13,38,0,0.6926569138953933,27.829,18.486
2020-05-20,48.5,-69.75,13,39,0,0.724550556611448,27.829,18.486
2020-05-20,48.5,-69.5,13,40,0,0.7166130030010253,27.829,18.486
2020-05-20,48.5,-69.25,13,41,0,0.7166015001169398,27.829,18.486
2020-05-20,48.5,-68.5,13,44,1,0.7060115689847783,27.829,18.486
2020-05-20,48.5,-68.25,13,45,0,0.7125395077281471,27.829,18.486
2020-05-20,48.5,-68.0,13,46,0,0.6704526609827124,27.829,18.486
2020-05-20,48.5,-67.75,13,47,0,0.6750531436969228,27.829,18.486
2020-05-20,48.5,-67.5,13,48,0,0.7064367146733942,27.829,18.486
2020-05-20,48.5,-67.25,13,49,0,0.6865308400444067,27.829,18.486
2020-05-20,48.5,-67.0,13,50,0,0.6247125683948379,27.829,18.486
2020-05-20,48.5,-66.75,13,51,0,0.5945406302277785,27.829,18.486
2020-05-20,48.5,-66.5,13,52,0,0.6396099800019841,27.829,18.486
2020-05-20,48.5,-66.25,13,53,0,0.6618909980669557,27.829,18.486
2020-05-20,48.5,-66.0,13,54,0,0.6831170696586364,27.829,18.486
2020-05-20,48.5,-65.75,13,55,0,0.6587457429336614,27.829,18.486
2020-05-20,48.5,-65.5,13,56,0,0.6855718827925312,27.829,18.486
2020-05-20,48.5,-65.25,13,57,0,0.7002707749110574,27.829,18.486
2020-05-20,48.5,-65.0,13,58,0,0.6796126621471834,27.829,18.486
2020-05-20,48.5,-64.75,13,59,0,0.6097859926618115,27.829,18.486
2020-05-20,48.5,-64.5,13,60,0,0.6121285322761764,27.829,18.486
2020-05-20,48.5,-64.25,13,61,0,0.7029395249884257,27.829,18.486
2020-05-20,48.75,-79.5,14,0,0,0.5044741638616289,27.829,18.395
2020-05-20,48.75,-79.25,14,1,1,0.552034935410765,27.829,18.395
2020-05-20,48.75,-79.0,14,2,0,0.6952633182015505,27.829,18.395
2020-05-20,48.75,-78.75,14,3,0,0.6638348178415099,27.829,18.395
2020-05-20,48.75,-78.5,14,4,0,0.6937688226934148,27.829,18.395
2020-05-20,48.75,-78.25,14,5,0,0.7040702874030794,27.829,18.395
2020-05-20,48.75,-78.0,14,6,0,0.7058142851813347,27.829,18.395
2020-05-20,48.75,-77.75,14,7,0,0.7065044794086917,27.829,18.395
2020-05-20,48.75,-77.5,14,8,0,0.7064714114936512,27.829,18.395
2020-05-20,48.75,-77.25,14,9,0,0.6325365894352983,27.829,18.395
2020-05-20,48.75,-77.0,14,10,0,0.6945726197070322,27.829,18.395
2020-05-20,48.75,-76.75,14,11,0,0.6999263721380228,27.829,18.395
2020-05-20,48.75,-76.5,14,12,0,0.6993154123683121,27.829,18.395
2020-05-20,48.75,-76.25,14,13,0,0.7066930102543849,27.829,18.395
2020-05-20,48.75,-76.0,14,14,0,0.7006724900714442,27.829,18.395
2020-05-20,48.75,-75.75,14,15,0,0.7086146263470715,27.829,18.395
2020-05-20,48.75,-75.5,14,16,0,0.7369022873638803,27.829,18.395
2020-05-20,48.75,-75.25,14,17,0,0.7139104651811669,27.829,18.395
2020-05-20,48.75,-75.0,14,18,0,0.7100682048352928,27.829,18.395
2020-05-20,48.75,-74.75,14,19,0,0.7104272016742105,27.829,18.395
2020-05-20,48.75,-74.5,14,20,0,0.7163182610513161,27.829,18.395
2020-05-20,48.75,-74.25,14,21,0,0.7261835423326473,27.829,18.395
2020-05-20,48.75,-74.0,14,22,0,0.7338686246257283,27.829,18.395
2020-05-20,48.75,-73.75,14,23,0,0.7365160012505031,27.829,18.395
2020-05-20,48.75,-73.5,14,24,0,0.732846168286338,27.829,18.395
2020-05-20,48.75,-73.25,14,25,0,0.7211779391019644,27.829,18.395
2020-05-20,48.75,-73.0,14,26,0,0.693245513615157,27.829,18.395
2020-05-20,48.75,-72.75,14,27,0,0.6848018312715776,27.829,18.395
2020-05-20,48.75,-72.5,14,28,0,0.6601053398566407,27.829,18.395
2020-05-20,48.75,-72.25,14,29,0,0.6915393801165695,27.829,18.395
2020-05-20,48.75,-72.0,14,30,0,0.6973263891823835,27.829,18.395
2020-05-20,48.75,-71.75,14,31,1,0.7021388009428109,27.829,18.395
2020-05-20,48.75,-71.5,14,32,0,0.7029303271249917,27.829,18.395
2020-05-20,48.75,-71.25,14,33,0,0.7072680432204096,27.829,18.395
2020-05-20,48.75,-71.0,14,34,0,0.7051262675612838,27.829,18.395
2020-05-20,48.75,-70.75,14,35,0,0.7015802026286853,27.829,18.395
2020-05-20,48.75,-70.5,14,36,0,0.707610663752686,27.829,18.395
2020-05-20,48.75,-70.25,14,37,0,0.7146688416639727,27.829,18.395
2020-05-20,48.75,-70.0,14,38,0,0.7290343981774896,27.829,18.395
2020-05-20,48.75,-69.75,14,39,0,0.7116380168879964,27.829,18.395
2020-05-20,48.75,-69.5,14,40,0,0.7067271405309563,27.829,18.395
2020-05-20,48.75,-69.25,14,41,0,0.7304738531105308,27.829,18.395
2020-05-20,48.75,-69.0,14,42,0,0.7286025661792556,27.829,18.395
2020-05-20,48.75,-68.75,14,43,0,0.6915605481132837,27.829,18.395
2020-05-20,48.75,-67.75,14,47,0,0.721071848131777,27.829,18.395
2020-05-20,48.75,-67.5,14,48,0,0.7059891602145064,27.829,18.395
2020-05-20,48.75,-67.25,14,49,0,0.6965010777292896,27.829,18.395
2020-05-20,48.75,-67.0,14,50,0,0.6393541464055241,27.829,18.395
2020-05-20,48.75,-66.75,14,51,0,0.6256353054070116,27.829,18.395
2020-05-20,48.75,-66.5,14,52,0,0.6988406590593518,27.829,18.395
2020-05-20,48.75,-66.25,14,53,0,0.7035742066788111,27.829,18.395
2020-05-20,48.75,-66.0,14,54,0,0.69776925905822,27.829,18.395
2020-05-20,48.75,-65.75,14,55,0,0.6260596865473489,27.829,18.395
2020-05-20,48.75,-65.5,14,56,0,0.6326134864072119,27.829,18.395
2020-05-20,48.75,-65.25,14,57,0,0.7095976037678743,27.829,18.395
2020-05-20,48.75,-65.0,14,58,0,0.6891285707247102,27.829,18.395
2020-05-20,48.75,-64.75,14,59,0,0.6946568167697899,27.829,18.395
2020-05-20,48.75,-64.5,14,60,0,0.6368624295047656,27.829,18.395
2020-05-20,48.75,-64.25,14,61,0,0.6974496404516839,27.829,18.395
2020-05-20,49.0,-79.5,15,0,0,0.6942452345311245,27.829,18.303
2020-05-20,49.0,-79.25,15,1,0,0.6973449915362018,27.829,18.303
2020-05-20,49.0,-79.0,15,2,0,0.6340052855193267,27.829,18.303
2020-05-20,49.0,-78.75,15,3,0,0.5979949518931171,27.829,18.303
2020-05-20,49.0,-78.5,15,4,0,0.7068119046701382,27.829,18.303
2020-05-20,49.0,-78.25,15,5,0,0.7022998168514505,27.829,18.303
2020-05-20,49.0,-78.0,15,6,0,0.6926717505179694,27.829,18.303
2020-05-20,49.0,-77.75,15,7,0,0.7110346082597836,27.829,18.303
2020-05-20,49.0,-77.5,15,8,0,0.7089447185454208,27.829,18.303
2020-05-20,49.0,-77.25,15,9,0,0.6828366577107433,27.829,18.303
2020-05-20,49.0,-77.0,15,10,0,0.6829103228205256,27.829,18.303
2020-05-20,49.0,-76.75,15,11,0,0.6607744741248809,27.829,18.303
2020-05-20,49.0,-76.5,15,12,0,0.6493859287810639,27.829,18.303
2020-05-20,49.0,-76.25,15,13,0,0.5929965482790591,27.829,18.303
2020-05-20,49.0,-76.0,15,14,0,0.6911140758051639,27.829,18.303
2020-05-20,49.0,-75.75,15,15,0,0.7134722725640886,27.829,18.303
2020-05-20,49.0,-75.5,15,16,0,0.7360907878344385,27.829,18.303
2020-05-20,49.0,-75.25,15,17,0,0.7238495946438682,27.829,18.303
2020-05-20,49.0,-75.0,15,18,0,0.7116629957996947,27.829,18.303
2020-05-20,49.0,-74.75,15,19,0,0.711115229073599,27.829,18.303
2020-05-20,49.0,-74.5,15,20,0,0.7074330217757356,27.829,18.303
2020-05-20,49.0,-74.25,15,21,0,0.7379317881565656,27.829,18.303
2020-05-20,49.0,-74.0,15,22,0,0.7372397451661445,27.829,18.303
2020-05-20,49.0,-73.75,15,23,0,0.7381901517998557,27.829,18.303
2020-05-20,49.0,-73.5,15,24,0,0.738214648998654,27.829,18.303
2020-05-20,49.0,-73.25,15,25,0,0.7264453339493656,27.829,18.303
2020-05-20,49.0,-73.0,15,26,0,0.710517858343992,27.829,18.303
2020-05-20,49.0,-72.75,15,27,0,0.706928229369435,27.829,18.303
2020-05-20,49.0,-72.5,15,28,0,0.6974148134970006,27.829,18.303
2020-05-20,49.0,-72.25,15,29,0,0.6991227017291766,27.829,18.303
2020-05-20,49.0,-72.0,15,30,0,0.7031716503244045,27.829,18.303
2020-05-20,49.0,-71.75,15,31,0,0.7069946905688965,27.829,18.303
2020-05-20,49.0,-71.5,15,32,0,0.6863848365137708,27.829,18.303
2020-05-20,49.0,-71.25,15,33,0,0.6925946939906396,27.829,18.303
2020-05-20,49.0,-71.0,15,34,0,0.710412245741863,27.829,18.303
2020-05-20,49.0,-70.75,15,35,0,0.7163372276095864,27.829,18.303
2020-05-20,49.0,-70.5,15,36,0,0.7193086240554318,27.829,18.303
2020-05-20,49.0,-70.25,15,37,0,0.7070562309275513,27.829,18.303
2020-05-20,49.0,-70.0,15,38,0,0.6924954573497238,27.829,18.303
2020-05-20,49.0,-69.75,15,39,0,0.7042239445958824,27.829,18.303
2020-05-20,49.0,-69.5,15,40,0,0.7261328261707792,27.829,18.303
2020-05-20,49.0,-69.25,15,41,0,0.72420460885728,27.829,18.303
2020-05-20,49.0,-69.0,15,42,0,0.7187001434457473,27.829,18.303
2020-05-20,49.0,-68.75,15,43,0,0.7200254811366542,27.829,18.303
2020-05-20,49.0,-68.5,15,44,0,0.7113006006908964,27.829,18.303
2020-05-20,49.0,-68.25,15,45,0,0.6177763034589621,27.829,18.303
2020-05-20,49.0,-67.25,15,49,0,0.7250864684795564,27.829,18.303
2020-05-20,49.0,-67.0,15,50,0,0.7244110328331336,27.829,18.303
2020-05-20,49.0,-66.75,15,51,0,0.7120747256819812,27.829,18.303
2020-05-20,49.0,-66.5,15,52,0,0.7070575741061849,27.829,18.303
2020-05-20,49.0,-66.25,15,53,0,0.7048065443741383,27.829,18.303
2020-05-20,49.0,-66.0,15,54,0,0.7076697625518993,27.829,18.303
2020-05-20,49.0,-65.75,15,55,0,0.7189051570346587,27.829,18.303
2020-05-20,49.0,-65.5,15,56,0,0.7172716993695649,27.829,18.303
2020-05-20,49.0,-65.25,15,57,0,0.7351673805196364,27.829,18.303
2020-05-20,49.0,-65.0,15,58,0,0.7351495564163554,27.829,18.303
2020-05-20,49.0,-64.75,15,59,0,0.7264786909583775,27.829,18.303
2020-05-20,49.0,-64.5,15,60,0,0.706823097092971,27.829,18.303
2020-05-20,49.25,-79.5,16,0,0,0.7069972480688964,27.829,18.212
2020-05-20,49.25,-79.25,16,1,0,0.703286684832075,27.829,18.212
2020-05-20,49.25,-79.0,16,2,0,0.6922061256909595,27.829,18.212
2020-05-20,49.25,-78.75,16,3,0,0.6872969460914026,27.829,18.212
2020-05-20,49.25,-78.5,16,4,0,0.7009221773474937,27.829,18.212
2020-05-20,49.25,-78.25,16,5,0,0.6977101993712074,27.829,18.212
2020-05-20,49.25,-78.0,16,6,0,0.7141327081452518,27.829,18.212
2020-05-20,49.25,-77.75,16,7,0,0.7102647599189064,27.829,18.212
2020-05-20,49.25,-77.5,16,8,0,0.7101426644943273,27.829,18.212
2020-05-20,49.25,-77.25,16,9,0,0.6369892145058946,27.829,18.212
2020-05-20,49.25,-77.0,16,10,0,0.6911223993171272,27.829,18.212
2020-05-20,49.25,-76.75,16,11,0,0.6939433177610778,27.829,18.212
2020-05-20,49.25,-76.5,16,12,0,0.6990215295530174,27.829,18.212
2020-05-20,49.25,-76.25,16,13,0,0.7111195940841964,27.829,18.212
2020-05-20,49.25,-76.0,16,14,0,0.707491429130906,27.829,18.212
2020-05-20,49.25,-75.75,16,15,0,0.7109722583175851,27.829,18.212
2020-05-20,49.25,-75.5,16,16,0,0.721917191319013,27.829,18.212
2020-05-20,49.25,-75.25,16,17,0,0.709542696306208,27.829,18.212
2020-05-20,49.25,-75.0,16,18,0,0.7070630160224999,27.829,18.212
2020-05-20,49.25,-74.75,16,19,0,0.6962145738895231,27.829,18.212
2020-05-20,49.25,-74.5,16,20,0,0.7350185560161279,27.829,18.212
2020-05-20,49.25,-74.25,16,21,0,0.7364183576696532,27.829,18.212
2020-05-20,49.25,-74.0,16,22,0,0.7382728481004823,27.829,18.212
2020-05-20,49.25,-73.75,16,23,0,0.7364560513207858,27.829,18.212
2020-05-20,49.25,-73.5,16,24,0,0.7342536008887863,27.829,18.212
2020-05-20,49.25,-73.25,16,25,0,0.7216975311154776,27.829,18.212
2020-05-20,49.25,-73.0,16,26,0,0.7087823816037951,27.829,18.212
2020-05-20,49.25,-72.75,16,27,0,0.7051074536071223,27.829,18.212
2020-05-20,49.25,-72.5,16,28,0,0.7064798339488005,27.829,18.212
2020-05-20,49.25,-72.25,16,29,0,0.6978692665328212,27.829,18.212
2020-05-20,49.25,-72.0,16,30,0,0.6949070578159708,27.829,18.212
2020-05-20,49.25,-71.75,16,31,0,0.7105105041195786,27.829,18.212
2020-05-20,49.25,-71.5,16,32,0,0.7035849710810315,27.829,18.212
2020-05-20,49.25,-71.25,16,33,0,0.7105740249284571,27.829,18.212
2020-05-20,49.25,-71.0,16,34,0,0.7086795403841954,27.829,18.212
2020-05-20,49.25,-70.75,16,35,0,0.7035870697628839,27.829,18.212
2020-05-20,49.25,-70.5,16,36,0,0.6963210999116891,27.829,18.212
2020-05-20,49.25,-70.25,16,37,0,0.6853113096094848,27.829,18.212
2020-05-20,49.25,-70.0,16,38,0,0.7043901143733893,27.829,18.212
2020-05-20,49.25,-69.75,16,39,0,0.6936755193849459,27.829,18.212
2020-05-20,49.25,-69.5,16,40,0,0.711350011246705,27.829,18.212
2020-05-20,49.25,-69.25,16,41,0,0.7156720381528577,27.829,18.212
2020-05-20,49.25,-69.0,16,42,0,0.7201000161622458,27.829,18.212
2020-05-20,49.25,-68.75,16,43,0,0.7096489054937172,27.829,18.212
2020-05-20,49.25,-68.5,16,44,0,0.6605091177539123,27.829,18.212
2020-05-20,49.25,-68.25,16,45,0,0.5775005939948099,27.829,18.212
2020-05-20,49.25,-68.0,16,46,0,0.6054329516201266,27.829,18.212
2020-05-20,49.25,-67.75,16,47,0,0.6049674608230882,27.829,18.212
2020-05-20,49.25,-66.5,16,52,0,0.7251534170320407,27.829,18.212
2020-05-20,49.25,-66.25,16,53,0,0.7209649340901836,27.829,18.212
2020-05-20,49.25,-66.0,16,54,0,0.7224961127574845,27.829,18.212
2020-05-20,49.25,-65.75,16,55,0,0.7297201415520069,27.829,18.212
2020-05-20,49.25,-65.5,16,56,0,0.722057090484309,27.829,18.212
2020-05-20,49.25,-65.25,16,57,0,0.7298960480864718,27.829,18.212
2020-05-20,49.25,-65.0,16,58,0,0.7367140624775422,27.829,18.212
2020-05-20,49.25,-64.75,16,59,0,0.7356442087325374,27.829,18.212
2020-05-20,49.5,-79.5,17,0,0,0.7046019772707248,27.829,18.12
2020-05-20,49.5,-79.25,17,1,0,0.7033639080834375,27.829,18.12
2020-05-20,49.5,-79.0,17,2,0,0.6406361580067348,27.829,18.12
2020-05-20,49.5,-78.75,17,3,0,0.6925641971584299,27.829,18.12
2020-05-20,49.5,-78.5,17,4,0,0.6993543295355981,27.829,18.12
2020-05-20,49.5,-78.25,17,5,0,0.703849146765768,27.829,18.12
2020-05-20,49.5,-78.0,17,6,0,0.7116186790095756,27.829,18.12
2020-05-20,49.5,-77.75,17,7,0,0.6932221379176055,27.829,18.12
2020-05-20,49.5,-77.5,17,8,0,0.7055294964223904,27.829,18.12
2020-05-20,49.5,-77.25,17,9,0,0.7058447472434138,27.829,18.12
2020-05-20,49.5,-77.0,17,10,0,0.7103576018821269,27.829,18.12
2020-05-20,49.5,-76.75,17,11,0,0.7116953003876183,27.829,18.12
2020-05-20,49.5,-76.5,17,12,0,0.7210326671373566,27.829,18.12
2020-05-20,49.5,-76.25,17,13,0,0.7367848871052902,27.829,18.12
2020-05-20,49.5,-76.0,17,14,0,0.7251836036358444,27.829,18.12
2020-05-20,49.5,-75.75,17,15,0,0.7237802427006359,27.829,18.12
2020-05-20,49.5,-75.5,17,16,0,0.7135180428528427,27.829,18.12
2020-05-20,49.5,-75.25,17,17,0,0.7250904953986066,27.829,18.12
2020-05-20,49.5,-75.0,17,18,0,0.7211536395554057,27.829,18.12
2020-05-20,49.5,-74.75,17,19,0,0.7311964979259193,27.829,18.12
2020-05-20,49.5,-74.5,17,20,0,0.7281191958784861,27.829,18.12
2020-05-20,49.5,-74.25,17,21,0,0.72901026986418,27.829,18.12
2020-05-20,49.5,-74.0,17,22,0,0.7206932311059421,27.829,18.12
2020-05-20,49.5,-73.75,17,23,0,0.7316288021483538,27.829,18.12
2020-05-20,49.5,-73.5,17,24,0,0.4150663755627304,27.829,18.12
2020-05-20,49.5,-73.25,17,25,0,0.7380177895008991,27.829,18.12
2020-05-20,49.5,-73.0,17,26,0,0.7354676416534697,27.829,18.12
2020-05-20,49.5,-72.75,17,27,0,0.4878125890393792,27.829,18.12
2020-05-20,49.5,-72.5,17,28,0,0.709457678055362,27.829,18.12
2020-05-20,49.5,-72.25,17,29,0,0.7117073525191216,27.829,18.12
2020-05-20,49.5,-72.0,17,30,0,0.7015118478347957,27.829,18.12
2020-05-20,49.5,-71.75,17,31,0,0.6907195567492352,27.829,18.12
2020-05-20,49.5,-71.5,17,32,0,0.7067464801933604,27.829,18.12
2020-05-20,49.5,-71.25,17,33,0,0.6979202490400549,27.829,18.12
2020-05-20,49.5,-71.0,17,34,0,0.7092391050959945,27.829,18.12
2020-05-20,49.5,-70.75,17,35,0,0.6875918292984243,27.829,18.12
2020-05-20,49.5,-70.5,17,36,0,0.6942154394533357,27.829,18.12
2020-05-20,49.5,-70.25,17,37,0,0.6610822852664895,27.829,18.12
2020-05-20,49.5,-70.0,17,38,0,0.6557279741520031,27.829,18.12
2020-05-20,49.5,-69.75,17,39,0,0.7070626540973395,27.829,18.12
2020-05-20,49.5,-69.5,17,40,0,0.6958126657114713,27.829,18.12
2020-05-20,49.5,-69.25,17,41,0,0.6958586979272937,27.829,18.12
2020-05-20,49.5,-69.0,17,42,0,0.7010748021296866,27.829,18.12
2020-05-20,49.5,-68.75,17,43,0,0.7117379773389585,27.829,18.12
2020-05-20,49.5,-68.5,17,44,0,0.6966240972191412,27.829,18.12
2020-05-20,49.5,-68.25,17,45,0,0.6111301934524814,27.829,18.12
2020-05-20,49.5,-68.0,17,46,0,0.426026490401889,27.829,18.12
2020-05-20,49.5,-67.75,17,47,0,0.5215539238147459,27.829,18.12
2020-05-20,49.5,-67.5,17,48,0,0.5909354166600382,27.829,18.12
2020-05-20,49.5,-67.25,17,49,0,0.6227467899826548,27.829,18.12
2020-05-20,49.75,-79.5,18,0,0,0.7070379774408019,27.829,18.027
2020-05-20,49.75,-79.25,18,1,0,0.6962033024755218,27.829,18.027
2020-05-20,49.75,-79.0,18,2,0,0.6939827233811908,27.829,18.027
2020-05-20,49.75,-78.75,18,3,0,0.3947808297902749,27.829,18.027
2020-05-20,49.75,-78.5,18,4,0,0.7059287555512851,27.829,18.027
2020-05-20,49.75,-78.25,18,5,0,0.7009982667395444,27.829,18.027
2020-05-20,49.75,-78.0,18,6,0,0.7092381018355544,27.829,18.027
2020-05-20,49.75,-77.75,18,7,0,0.7058282155610073,27.829,18.027
2020-05-20,49.75,-77.5,18,8,0,0.7105626449230935,27.829,18.027
2020-05-20,49.75,-77.25,18,9,0,0.7091017725171643,27.829,18.027
2020-05-20,49.75,-77.0,18,10,0,0.7113907774315545,27.829,18.027
2020-05-20,49.75,-76.75,18,11,0,0.7122349146580869,27.829,18.027
2020-05-20,49.75,-76.5,18,12,0,0.7147043476132996,27.829,18.027
2020-05-20,49.75,-76.25,18,13,0,0.7210789993955877,27.829,18.027
2020-05-20,49.75,-76.0,18,14,0,0.7246264702254968,27.829,18.027
2020-05-20,49.75,-75.75,18,15,1,0.6566285462022748,27.829,18.027
2020-05-20,49.75,-75.5,18,16,0,0.7300480161748288,27.829,18.027
2020-05-20,49.75,-75.25,18,17,0,0.7196433605694024,27.829,18.027
2020-05-20,49.75,-75.0,18,18,0,0.727004811178104,27.829,18.027
2020-05-20,49.75,-74.75,18,19,0,0.7113686079285376,27.829,18.027
2020-05-20,49.75,-74.5,18,20,0,0.7122427300404549,27.829,18.027
2020-05-20,49.75,-74.25,18,21,0,0.7087195621441971,27.829,18.027
2020-05-20,49.75,-74.0,18,22,0,0.7146628993457372,27.829,18.027
2020-05-20,49.75,-73.75,18,23,0,0.7039838251164944,27.829,18.027
2020-05-20,49.75,-73.5,18,24,0,0.7067876843039468,27.829,18.027
2020-05-20,49.75,-73.25,18,25,0,0.7010478315961273,27.829,18.027
2020-05-20,49.75,-73.0,18,26,0,0.7262285431308081,27.829,18.027
2020-05-20,49.75,-72.75,18,27,0,0.7094898157858661,27.829,18.027
2020-05-20,49.75,-72.5,18,28,0,0.714621738135141,27.829,18.027
2020-05-20,49.75,-72.25,18,29,0,0.6984041314384984,27.829,18.027
2020-05-20,49.75,-72.0,18,30,0,0.6865623185994734,27.829,18.027
2020-05-20,49.75,-71.75,18,31,0,0.6409493710782416,27.829,18.027
2020-05-20,49.75,-71.5,18,32,0,0.6471721426156942,27.829,18.027
2020-05-20,49.75,-71.25,18,33,0,0.7069813873009573,27.829,18.027
2020-05-20,49.75,-71.0,18,34,0,0.7114991687581305,27.829,18.027
2020-05-20,49.75,-70.75,18,35,0,0.692520545744926,27.829,18.027
2020-05-20,49.75,-70.5,18,36,0,0.7104357651337794,27.829,18.027
2020-05-20,49.75,-70.25,18,37,0,0.7070461811882873,27.829,18.027
2020-05-20,49.75,-70.0,18,38,0,0.7040472636546158,27.829,18.027
2020-05-20,49.75,-69.75,18,39,0,0.6905421733701448,27.829,18.027
2020-05-20,49.75,-69.5,18,40,0,0.7038028160591956,27.829,18.027
2020-05-20,49.75,-69.25,18,41,0,0.705896673414712,27.829,18.027
2020-05-20,49.75,-69.0,18,42,0,0.6982451682509009,27.829,18.027
2020-05-20,49.75,-68.75,18,43,0,0.7060858089580364,27.829,18.027
2020-05-20,49.75,-68.5,18,44,0,0.660731419369146,27.829,18.027
2020-05-20,49.75,-68.25,18,45,0,0.6504662901938043,27.829,18.027
2020-05-20,49.75,-68.0,18,46,0,0.6184195659153761,27.829,18.027
2020-05-20,49.75,-67.75,18,47,0,0.5251306343323098,27.829,18.027
2020-05-20,49.75,-67.5,18,48,0,0.5184366347345752,27.829,18.027
2020-05-20,49.75,-67.25,18,49,0,0.6927522268103771,27.829,18.027
2020-05-20,49.75,-67.0,18,50,0,0.7324315130581812,27.829,18.027
2020-05-20,49.75,-64.5,18,60,0,0.7042559887533271,27.829,18.027
2020-05-20,49.75,-64.25,18,61,0,0.720621492293315,27.829,18.027
2020-05-20,49.75,-64.0,18,62,0,0.7226991379613869,27.829,18.027
2020-05-20,50.0,-79.5,19,0,0,0.7048276084354014,27.829,17.935
2020-05-20,50.0,-79.25,19,1,0,0.7094500144766098,27.829,17.935
2020-05-20,50.0,-79.0,19,2,0,0.7055044503952101,27.829,17.935
2020-05-20,50.0,-78.75,19,3,0,0.7055681279909027,27.829,17.935
2020-05-20,50.0,-78.5,19,4,0,0.7082364145376248,27.829,17.935
2020-05-20,50.0,-78.25,19,5,0,0.7091675554151042,27.829,17.935
2020-05-20,50.0,-78.0,19,6,0,0.7038855689969065,27.829,17.935
2020-05-20,50.0,-77.75,19,7,0,0.7141160635012869,27.829,17.935
2020-05-20,50.0,-77.5,19,8,0,0.7264849403608425,27.829,17.935
2020-05-20,50.0,-77.25,19,9,0,0.7254585910863401,27.829,17.935
2020-05-20,50.0,-77.0,19,10,0,0.7299386457370696,27.829,17.935
2020-05-20,50.0,-76.75,19,11,0,0.7226486759373976,27.829,17.935
2020-05-20,50.0,-76.5,19,12,0,0.7163617337491691,27.829,17.935
2020-05-20,50.0,-76.25,19,13,0,0.7127664966012565,27.829,17.935
2020-05-20,50.0,-76.0,19,14,0,0.7163257767021194,27.829,17.935
2020-05-20,50.0,-75.75,19,15,0,0.7290337783332763,27.829,17.935
2020-05-20,50.0,-75.5,19,16,0,0.7312665835221444,27.829,17.935
2020-05-20,50.0,-75.25,19,17,0,0.7096307271657094,27.829,17.935
2020-05-20,50.0,-75.0,19,18,0,0.4525538018216673,27.829,17.935
2020-05-20,50.0,-74.75,19,19,0,0.7136282851537119,27.829,17.935
2020-05-20,50.0,-74.5,19,20,0,0.7122324620468536,27.829,17.935
2020-05-20,50.0,-74.25,19,21,0,0.7110332258106651,27.829,17.935
2020-05-20,50.0,-74.0,19,22,0,0.7108370730268723,27.829,17.935
2020-05-20,50.0,-73.75,19,23,0,0.7068888025003824,27.829,17.935
2020-05-20,50.0,-73.5,19,24,0,0.7013195024419567,27.829,17.935
2020-05-20,50.0,-73.25,19,25,0,0.7093095904284764,27.829,17.935
2020-05-20,50.0,-73.0,19,26,0,0.721101454611138,27.829,17.935
2020-05-20,50.0,-72.75,19,27,0,0.7077018662088881,27.829,17.935
2020-05-20,50.0,-72.5,19,28,0,0.7109847922654651,27.829,17.935
2020-05-20,50.0,-72.25,19,29,0,0.7040831472950396,27.829,17.935
2020-05-20,50.0,-72.0,19,30,0,0.6865202497004048,27.829,17.935
2020-05-20,50.0,-71.75,19,31,0,0.6395792198559109,27.829,17.935
2020-05-20,50.0,-71.5,19,32,0,0.6957592690904432,27.829,17.935
2020-05-20,50.0,-71.25,19,33,0,0.6809423673316657,27.829,17.935
2020-05-20,50.0,-71.0,19,34,0,0.7028323534417963,27.829,17.935
2020-05-20,50.0,-70.75,19,35,0,0.6992924831181443,27.829,17.935
2020-05-20,50.0,-70.5,19,36,0,0.6997614898203424,27.829,17.935
2020-05-20,50.0,-70.25,19,37,0,0.7070407303665819,27.829,17.935
2020-05-20,50.0,-70.0,19,38,0,0.69975110609245,27.829,17.935
2020-05-20,50.0,-69.75,19,39,0,0.6998066420455723,27.829,17.935
2020-05-20,50.0,-69.5,19,40,0,0.6962378248712087,27.829,17.935
2020-05-20,50.0,-69.25,19,41,0,0.7035193647209609,27.829,17.935
2020-05-20,50.0,-69.0,19,42,0,0.7022647736859218,27.829,17.935
2020-05-20,50.0,-68.75,19,43,0,0.6903205809954042,27.829,17.935
2020-05-20,50.0,-68.5,19,44,0,0.6405218676181524,27.829,17.935
2020-05-20,50.0,-68.25,19,45,0,0.6314840673230523,27.829,17.935
2020-05-20,50.0,-68.0,19,46,0,0.6313086353072631,27.829,17.935
2020-05-20,50.0,-67.75,19,47,0,0.6819776042813496,27.829,17.935
2020-05-20,50.0,-67.5,19,48,0,0.6939569054230104,27.829,17.935
2020-05-20,50.0,-67.25,19,49,0,0.7100279974035848,27.829,17.935
2020-05-20,50.0,-67.0,19,50,0,0.6941187474820162,27.829,17.935
2020-05-20,50.0,-66.75,19,51,0,0.7087146471243427,27.829,17.935
2020-05-20,50.0,-64.5,19,60,0,0.7083627315781195,27.829,17.935
2020-05-20,50.0,-64.25,19,61,0,0.7099106364576615,27.829,17.935
2020-05-20,50.0,-64.0,19,62,0,0.7048101005651906,27.829,17.935
2020-05-20,50.25,-79.5,20,0,0,0.7001099598089267,27.829,17.842
2020-05-20,50.25,-79.25,20,1,0,0.7050096026518411,27.829,17.842
2020-05-20,50.25,-79.0,20,2,0,0.7082852677258904,27.829,17.842
2020-05-20,50.25,-78.75,20,3,0,0.6960864918740316,27.829,17.842
2020-05-20,50.25,-78.5,20,4,0,0.7112761685005113,27.829,17.842
2020-05-20,50.25,-78.25,20,5,0,0.7136717778140477,27.829,17.842
2020-05-20,50.25,-78.0,20,6,0,0.7145307782447038,27.829,17.842
2020-05-20,50.25,-77.75,20,7,0,0.7094569965702567,27.829,17.842
2020-05-20,50.25,-77.5,20,8,0,0.7303562786366441,27.829,17.842
2020-05-20,50.25,-77.25,20,9,0,0.7333129091476601,27.829,17.842
2020-05-20,50.25,-77.0,20,10,0,0.7371359287398548,27.829,17.842
2020-05-20,50.25,-76.75,20,11,0,0.7309669990254032,27.829,17.842
2020-05-20,50.25,-76.5,20,12,0,0.7330741397229498,27.829,17.842
2020-05-20,50.25,-76.25,20,13,0,0.7378712288973481,27.829,17.842
2020-05-20,50.25,-76.0,20,14,0,0.7332753463966558,27.829,17.842
2020-05-20,50.25,-75.75,20,15,0,0.730831100378918,27.829,17.842
2020-05-20,50.25,-75.5,20,16,0,0.7382061694088093,27.829,17.842
2020-05-20,50.25,-75.25,20,17,0,0.7381471834900609,27.829,17.842
2020-05-20,50.25,-75.0,20,18,0,0.7329376546541823,27.829,17.842
2020-05-20,50.25,-74.75,20,19,0,0.7176242274065893,27.829,17.842
2020-05-20,50.25,-74.5,20,20,0,0.7124281597449874,27.829,17.842
2020-05-20,50.25,-74.25,20,21,0,0.7100667233987543,27.829,17.842
2020-05-20,50.25,-74.0,20,22,0,0.6888035532147612,27.829,17.842
2020-05-20,50.25,-73.75,20,23,0,0.7110479147588528,27.829,17.842
2020-05-20,50.25,-73.5,20,24,0,0.7082055421968211,27.829,17.842
2020-05-20,50.25,-73.25,20,25,0,0.7050567419856538,27.829,17.842
2020-05-20,50.25,-73.0,20,26,0,0.7068556061337562,27.829,17.842
2020-05-20,50.25,-72.75,20,27,0,0.7070171981484238,27.829,17.842
2020-05-20,50.25,-72.5,20,28,0,0.6840153662431835,27.829,17.842
2020-05-20,50.25,-72.25,20,29,0,0.7018737858928277,27.829,17.842
2020-05-20,50.25,-72.0,20,30,0,0.6896500905388456,27.829,17.842
2020-05-20,50.25,-71.75,20,31,0,0.7060136819328282,27.829,17.842
2020-05-20,50.25,-71.5,20,32,0,0.7058401979978536,27.829,17.842
2020-05-20,50.25,-71.25,20,33,0,0.6459893769398747,27.829,17.842
2020-05-20,50.25,-71.0,20,34,0,0.7070370734880196,27.829,17.842
2020-05-20,50.25,-70.75,20,35,0,0.5212948983828979,27.829,17.842
2020-05-20,50.25,-70.5,20,36,0,0.4958294249783347,27.829,17.842
2020-05-20,50.25,-70.25,20,37,0,0.4140195896314221,27.829,17.842
2020-05-20,50.25,-70.0,20,38,0,0.7085961730000709,27.829,17.842
2020-05-20,50.25,-69.75,20,39,0,0.7111696839933688,27.829,17.842
2020-05-20,50.25,-69.5,20,40,0,0.6966786746907869,27.829,17.842
2020-05-20,50.25,-69.25,20,41,0,0.6836335661289846,27.829,17.842
2020-05-20,50.25,-69.0,20,42,0,0.6862768939976278,27.829,17.842
2020-05-20,50.25,-68.75,20,43,0,0.7055109463304311,27.829,17.842
2020-05-20,50.25,-68.5,20,44,0,0.6507900305240394,27.829,17.842
2020-05-20,50.25,-68.25,20,45,0,0.68593662947087,27.829,17.842
2020-05-20,50.25,-68.0,20,46,0,0.7055899806975879,27.829,17.842
2020-05-20,50.25,-67.75,20,47,0,0.7009863579218799,27.829,17.842
2020-05-20,50.25,-67.5,20,48,0,0.693702522246081,27.829,17.842
2020-05-20,50.25,-67.25,20,49,0,0.6555578629698977,27.829,17.842
2020-05-20,50.25,-67.0,20,50,0,0.5998149468932145,27.829,17.842
2020-05-20,50.25,-66.75,20,51,0,0.6285309309128373,27.829,17.842
2020-05-20,50.25,-66.5,20,52,0,0.6907456175632046,27.829,17.842
2020-05-20,50.25,-66.25,20,53,0,0.7261512255044413,27.829,17.842
2020-05-20,50.25,-66.0,20,54,0,0.7146750392170953,27.829,17.842
2020-05-20,50.25,-65.75,20,55,0,0.6913762007134583,27.829,17.842
2020-05-20,50.25,-65.5,20,56,0,0.7144544211882966,27.829,17.842
2020-05-20,50.25,-65.25,20,57,0,0.7105913021008301,27.829,17.842
2020-05-20,50.25,-65.0,20,58,0,0.7088653716104001,27.829,17.842
2020-05-20,50.25,-64.75,20,59,0,0.7122886377164789,27.829,17.842
2020-05-20,50.25,-64.5,20,60,0,0.7083378427319117,27.829,17.842
2020-05-20,50.25,-64.25,20,61,0,0.6567605205306892,27.829,17.842
2020-05-20,50.25,-64.0,20,62,0,0.7063250669664961,27.829,17.842
2020-05-20,50.5,-79.5,21,0,0,0.6909806243487011,27.829,17.748
2020-05-20,50.5,-79.25,21,1,0,0.6981261059155893,27.829,17.748
2020-05-20,50.5,-79.0,21,2,0,0.7066315187222489,27.829,17.748
2020-05-20,50.5,-78.75,21,3,0,0.7129567403043177,27.829,17.748
2020-05-20,50.5,-78.5,21,4,0,0.7114963351197706,27.829,17.748
2020-05-20,50.5,-78.25,21,5,0,0.709330019483961,27.829,17.748
2020-05-20,50.5,-78.0,21,6,0,0.7088546235300619,27.829,17.748
2020-05-20,50.5,-77.75,21,7,0,0.5928621866089192,27.829,17.748
2020-05-20,50.5,-77.5,21,8,0,0.7296994928299501,27.829,17.748
2020-05-20,50.5,-77.25,21,9,0,0.6362801029639713,27.829,17.748
2020-05-20,50.5,-77.0,21,10,0,0.7310327179022523,27.829,17.748
2020-05-20,50.5,-76.75,21,11,0,0.7313731968872242,27.829,17.748
2020-05-20,50.5,-76.5,21,12,0,0.7380790216292804,27.829,17.748
2020-05-20,50.5,-76.25,21,13,0,0.7379993710315598,27.829,17.748
2020-05-20,50.5,-76.0,21,14,0,0.7373170061015731,27.829,17.748
2020-05-20,50.5,-75.75,21,15,0,0.7367379333061743,27.829,17.748
2020-05-20,50.5,-75.5,21,16,0,0.7341530534181306,27.829,17.748
2020-05-20,50.5,-75.25,21,17,0,0.5321874404483143,27.829,17.748
2020-05-20,50.5,-75.0,21,18,0,0.7333884090123894,27.829,17.748
2020-05-20,50.5,-74.75,21,19,0,0.7211162800959794,27.829,17.748
2020-05-20,50.5,-74.5,21,20,0,0.7186948215313294,27.829,17.748
2020-05-20,50.5,-74.25,21,21,0,0.7144984781881524,27.829,17.748
2020-05-20,50.5,-74.0,21,22,0,0.7070388785777909,27.829,17.748
2020-05-20,50.5,-73.75,21,23,0,0.7049772512843852,27.829,17.748
2020-05-20,50.5,-73.5,21,24,0,0.7114159873448053,27.829,17.748
2020-05-20,50.5,-73.25,21,25,0,0.6928504256114818,27.829,17.748
2020-05-20,50.5,-73.0,21,26,0,0.6630176322191847,27.829,17.748
2020-05-20,50.5,-72.75,21,27,0,0.6959777758519574,27.829,17.748
2020-05-20,50.5,-72.5,21,28,0,0.2130654973298991,27.829,17.748
2020-05-20,50.5,-72.25,21,29,0,0.6834015242703148,27.829,17.748
2020-05-20,50.5,-72.0,21,30,0,0.6869248786446659,27.829,17.748
2020-05-20,50.5,-71.75,21,31,0,0.6948568977956342,27.829,17.748
2020-05-20,50.5,-71.5,21,32,0,0.7090638660258316,27.829,17.748
2020-05-20,50.5,-71.25,21,33,0,0.7122113638005143,27.829,17.748
2020-05-20,50.5,-71.0,21,34,0,0.6992819215758855,27.829,17.748
2020-05-20,50.5,-70.75,21,35,0,0.7146550991575037,27.829,17.748
2020-05-20,50.5,-70.5,21,36,0,0.7113632339818651,27.829,17.748
2020-05-20,50.5,-70.25,21,37,0,0.4622923237104325,27.829,17.748
2020-05-20,50.5,-70.0,21,38,0,0.7085746458325908,27.829,17.748
2020-05-20,50.5,-69.75,21,39,0,0.7104888167199581,27.829,17.748
2020-05-20,50.5,-69.5,21,40,0,0.7074425818389902,27.829,17.748
2020-05-20,50.5,-69.25,21,41,0,0.7066342513924729,27.829,17.748
2020-05-20,50.5,-69.0,21,42,0,0.705720626647542,27.829,17.748
2020-05-20,50.5,-68.75,21,43,0,0.6964568061926814,27.829,17.748
2020-05-20,50.5,-68.5,21,44,0,0.6982530664817019,27.829,17.748
2020-05-20,50.5,-68.25,21,45,0,0.6857134775173457,27.829,17.748
2020-05-20,50.5,-68.0,21,46,0,0.6917055163631057,27.829,17.748
2020-05-20,50.5,-67.75,21,47,0,0.7057802224989831,27.829,17.748
2020-05-20,50.5,-67.5,21,48,0,0.7065647740922455,27.829,17.748
2020-05-20,50.5,-67.25,21,49,0,0.6924304582099309,27.829,17.748
2020-05-20,50.5,-67.0,21,50,0,0.7111341414778874,27.829,17.748
2020-05-20,50.5,-66.75,21,51,0,0.7036811253598397,27.829,17.748
2020-05-20,50.5,-66.5,21,52,0,0.6573789116811127,27.829,17.748
2020-05-20,50.5,-66.25,21,53,0,0.6714521458170228,27.829,17.748
2020-05-20,50.5,-66.0,21,54,0,0.6966531447323377,27.829,17.748
2020-05-20,50.5,-65.75,21,55,0,0.7043138903267508,27.829,17.748
2020-05-20,50.5,-65.5,21,56,0,0.7083159932133811,27.829,17.748
2020-05-20,50.5,-65.25,21,57,0,0.69316960147022,27.829,17.748
2020-05-20,50.5,-65.0,21,58,0,0.7097792403264636,27.829,17.748
2020-05-20,50.5,-64.75,21,59,0,0.7091535579646265,27.829,17.748
2020-05-20,50.5,-64.5,21,60,0,0.7112230948179913,27.829,17.748
2020-05-20,50.5,-64.25,21,61,0,0.7076873989028539,27.829,17.748
2020-05-20,50.5,-64.0,21,62,0,0.6985094434780512,27.829,17.748
2020-05-20,50.75,-79.5,22,0,0,0.6918895868581738,27.829,17.655
2020-05-20,50.75,-79.25,22,1,0,0.7096945043908744,27.829,17.655
2020-05-20,50.75,-79.0,22,2,0,0.7116333116243687,27.829,17.655
2020-05-20,50.75,-78.75,22,3,0,0.7122125649791123,27.829,17.655
2020-05-20,50.75,-78.5,22,4,0,0.7198675735386781,27.829,17.655
2020-05-20,50.75,-78.25,22,5,0,0.7285817506041968,27.829,17.655
2020-05-20,50.75,-78.0,22,6,0,0.7202688252024692,27.829,17.655
2020-05-20,50.75,-77.75,22,7,0,0.710016977201131,27.829,17.655
2020-05-20,50.75,-77.5,22,8,0,0.7190982014386279,27.829,17.655
2020-05-20,50.75,-77.25,22,9,0,0.6970884407364171,27.829,17.655
2020-05-20,50.75,-77.0,22,10,0,0.7047671680294034,27.829,17.655
2020-05-20,50.75,-76.75,22,11,0,0.6056794177914165,27.829,17.655
2020-05-20,50.75,-76.5,22,12,0,0.6413017133066747,27.829,17.655
2020-05-20,50.75,-76.25,22,13,0,0.712975874568044,27.829,17.655
2020-05-20,50.75,-76.0,22,14,0,0.7092811727478214,27.829,17.655
2020-05-20,50.75,-75.75,22,15,0,0.712271041250865,27.829,17.655
2020-05-20,50.75,-75.5,22,16,0,0.7215488800859197,27.829,17.655
2020-05-20,50.75,-75.25,22,17,0,0.7290430339704177,27.829,17.655
2020-05-20,50.75,-75.0,22,18,0,0.729550058297173,27.829,17.655
2020-05-20,50.75,-74.75,22,19,0,0.7309751796346996,27.829,17.655
2020-05-20,50.75,-74.5,22,20,0,0.7318180932528323,27.829,17.655
2020-05-20,50.75,-74.25,22,21,0,0.7255798261358125,27.829,17.655
2020-05-20,50.75,-74.0,22,22,0,0.7081125264507839,27.829,17.655
2020-05-20,50.75,-73.75,22,23,0,0.5912928358737052,27.829,17.655
2020-05-20,50.75,-73.5,22,24,0,0.7050794537564121,27.829,17.655
2020-05-20,50.75,-73.25,22,25,0,0.7070420439922098,27.829,17.655
2020-05-20,50.75,-73.0,22,26,0,0.70234860078851,27.829,17.655
2020-05-20,50.75,-72.75,22,27,0,0.6983468916795302,27.829,17.655
2020-05-20,50.75,-72.5,22,28,0,0.4417846180621922,27.829,17.655
2020-05-20,50.75,-72.25,22,29,0,0.6863883875824696,27.829,17.655
2020-05-20,50.75,-72.0,22,30,0,0.6702932475285992,27.829,17.655
2020-05-20,50.75,-71.75,22,31,0,0.7030332778170918,27.829,17.655
2020-05-20,50.75,-71.5,22,32,0,0.6883172108976533,27.829,17.655
2020-05-20,50.75,-71.25,22,33,0,0.7055042834384408,27.829,17.655
2020-05-20,50.75,-71.0,22,34,0,0.7068526890444915,27.829,17.655
2020-05-20,50.75,-70.75,22,35,0,0.6963470299282599,27.829,17.655
2020-05-20,50.75,-70.5,22,36,0,0.6947364779875317,27.829,17.655
2020-05-20,50.75,-70.25,22,37,0,0.6941340472453731,27.829,17.655
2020-05-20,50.75,-70.0,22,38,0,0.6205136749317735,27.829,17.655
2020-05-20,50.75,-69.75,22,39,0,0.7017246872669174,27.829,17.655
2020-05-20,50.75,-69.5,22,40,0,0.7086859410560288,27.829,17.655
2020-05-20,50.75,-69.25,22,41,0,0.7262071425453365,27.829,17.655
2020-05-20,50.75,-69.0,22,42,0,0.7096272219952198,27.829,17.655
2020-05-20,50.75,-68.75,22,43,0,0.6351534301848564,27.829,17.655
2020-05-20,50.75,-68.5,22,44,0,0.634876720933164,27.829,17.655
2020-05-20,50.75,-68.25,22,45,0,0.5968749045950046,27.829,17.655
2020-05-20,50.75,-68.0,22,46,0,0.6135928216773321,27.829,17.655
2020-05-20,50.75,-67.75,22,47,0,0.6331937756073278,27.829,17.655
2020-05-20,50.75,-67.5,22,48,0,0.6862210533301392,27.829,17.655
2020-05-20,50.75,-67.25,22,49,0,0.7069144264057822,27.829,17.655
2020-05-20,50.75,-67.0,22,50,0,0.6955428534491555,27.829,17.655
2020-05-20,50.75,-66.75,22,51,0,0.699498523532381,27.829,17.655
2020-05-20,50.75,-66.5,22,52,0,0.6985848771245216,27.829,17.655
2020-05-20,50.75,-66.25,22,53,0,0.692406987001189,27.829,17.655
2020-05-20,50.75,-66.0,22,54,0,0.7089945259831609,27.829,17.655
2020-05-20,50.75,-65.75,22,55,0,0.6291178385318392,27.829,17.655
2020-05-20,50.75,-65.5,22,56,0,0.6241957609202519,27.829,17.655
2020-05-20,50.75,-65.25,22,57,0,0.705863051028908,27.829,17.655
2020-05-20,50.75,-65.0,22,58,0,0.6978253409068977,27.829,17.655
2020-05-20,50.75,-64.75,22,59,0,0.7036604820851637,27.829,17.655
2020-05-20,50.75,-64.5,22,60,0,0.7109649899248459,27.829,17.655
2020-05-20,50.75,-64.25,22,61,0,0.6518816791878502,27.829,17.655
2020-05-20,50.75,-64.0,22,62,0,0.7068121869045743,27.829,17.655
2020-05-20,51.0,-79.5,23,0,0,0.7114649000646412,27.829,17.561
2020-05-20,51.0,-79.25,23,1,0,0.7107118994481002,27.829,17.561
2020-05-20,51.0,-79.0,23,2,0,0.7125584645297844,27.829,17.561
2020-05-20,51.0,-78.75,23,3,0,0.7188013940011979,27.829,17.561
2020-05-20,51.0,-78.5,23,4,0,0.7183209189620441,27.829,17.561
2020-05-20,51.0,-78.25,23,5,0,0.7263780033593216,27.829,17.561
2020-05-20,51.0,-78.0,23,6,0,0.7325088063605728,27.829,17.561
2020-05-20,51.0,-77.75,23,7,0,0.7292750847803773,27.829,17.561
2020-05-20,51.0,-77.5,23,8,0,0.725327247370241,27.829,17.561
2020-05-20,51.0,-77.25,23,9,0,0.7267936593519985,27.829,17.561
2020-05-20,51.0,-77.0,23,10,0,0.7319862249426805,27.829,17.561
2020-05-20,51.0,-76.75,23,11,0,0.7328332634257337,27.829,17.561
2020-05-20,51.0,-76.5,23,12,0,0.727574354138934,27.829,17.561
2020-05-20,51.0,-76.25,23,13,0,0.7347746608776107,27.829,17.561
2020-05-20,51.0,-76.0,23,14,0,0.733669748064529,27.829,17.561
2020-05-20,51.0,-75.75,23,15,0,0.7275199010230277,27.829,17.561
2020-05-20,51.0,-75.5,23,16,0,0.7135617907471744,27.829,17.561
2020-05-20,51.0,-75.25,23,17,0,0.7278014532640198,27.829,17.561
2020-05-20,51.0,-75.0,23,18,0,0.7146277300357239,27.829,17.561
2020-05-20,51.0,-74.75,23,19,0,0.7257083444527633,27.829,17.561
2020-05-20,51.0,-74.5,23,20,0,0.7232546316886022,27.829,17.561
2020-05-20,51.0,-74.25,23,21,0,0.7311239203014964,27.829,17.561
2020-05-20,51.0,-74.0,23,22,0,0.7115517344632326,27.829,17.561
2020-05-20,51.0,-73.75,23,23,0,0.4900525722900457,27.829,17.561
2020-05-20,51.0,-73.5,23,24,0,0.6845511200993941,27.829,17.561
2020-05-20,51.0,-73.25,23,25,0,0.6341465220707265,27.829,17.561
2020-05-20,51.0,-73.0,23,26,0,0.704426703081207,27.829,17.561
2020-05-20,51.0,-72.75,23,27,0,0.6959788037526543,27.829,17.561
2020-05-20,51.0,-72.5,23,28,0,0.7122280265482107,27.829,17.561
2020-05-20,51.0,-72.25,23,29,0,0.6854496137284201,27.829,17.561
2020-05-20,51.0,-72.0,23,30,0,0.6579161150123751,27.829,17.561
2020-05-20,51.0,-71.75,23,31,0,0.6942279040835287,27.829,17.561
2020-05-20,51.0,-71.5,23,32,0,0.7067719116825998,27.829,17.561
2020-05-20,51.0,-71.25,23,33,0,0.7042118935280036,27.829,17.561
2020-05-20,51.0,-71.0,23,34,0,0.6939232086598169,27.829,17.561
2020-05-20,51.0,-70.75,23,35,0,0.7034271449578479,27.829,17.561
2020-05-20,51.0,-70.5,23,36,0,0.7092574566803644,27.829,17.561
2020-05-20,51.0,-70.25,23,37,0,0.6920694444946056,27.829,17.561
2020-05-20,51.0,-70.0,23,38,0,0.7003938432931899,27.829,17.561
2020-05-20,51.0,-69.75,23,39,0,0.7062184719675101,27.829,17.561
2020-05-20,51.0,-69.5,23,40,0,0.6969560493288586,27.829,17.561
2020-05-20,51.0,-69.25,23,41,0,0.6670649957634012,27.829,17.561
2020-05-20,51.0,-69.0,23,42,0,0.3185440655880699,27.829,17.561
2020-05-20,51.0,-68.75,23,43,0,0.6306175175920933,27.829,17.561
2020-05-20,51.0,-68.5,23,44,0,0.4182023955541367,27.829,17.561
2020-05-20,51.0,-68.25,23,45,0,0.3909842925269276,27.829,17.561
2020-05-20,51.0,-68.0,23,46,0,0.3828193619042947,27.829,17.561
2020-05-20,51.0,-67.75,23,47,0,0.6496646713964194,27.829,17.561
2020-05-20,51.0,-67.5,23,48,0,0.4706955392565151,27.829,17.561
2020-05-20,51.0,-67.25,23,49,0,0.6929839332690486,27.829,17.561
2020-05-20,51.0,-67.0,23,50,0,0.7106151460266112,27.829,17.561
2020-05-20,51.0,-66.75,23,51,0,0.7090708115779079,27.829,17.561
2020-05-20,51.0,-66.5,23,52,0,0.7087323900376734,27.829,17.561
2020-05-20,51.0,-66.25,23,53,0,0.7076929926930593,27.829,17.561
2020-05-20,51.0,-66.0,23,54,0,0.7027200295752145,27.829,17.561
2020-05-20,51.0,-65.75,23,55,0,0.7059652573453684,27.829,17.561
2020-05-20,51.0,-65.5,23,56,0,0.7106718198365004,27.829,17.561
2020-05-20,51.0,-65.25,23,57,0,0.7076216051460235,27.829,17.561
2020-05-20,51.0,-65.0,23,58,0,0.6956292195387994,27.829,17.561
2020-05-20,51.0,-64.75,23,59,0,0.7103006649572933,27.829,17.561
2020-05-20,51.0,-64.5,23,60,0,0.707015836388807,27.829,17.561
2020-05-20,51.0,-64.25,23,61,0,0.7098242120107083,27.829,17.561
2020-05-20,51.0,-64.0,23,62,0,0.7033356822034739,27.829,17.561
2020-05-20,51.25,-79.5,24,0,0,0.7007854171095871,27.829,17.466
2020-05-20,51.25,-79.25,24,1,0,0.7066199903565156,27.829,17.466
2020-05-20,51.25,-79.0,24,2,0,0.7097638489243805,27.829,17.466
2020-05-20,51.25,-78.75,24,3,0,0.7121240058768662,27.829,17.466
2020-05-20,51.25,-78.5,24,4,0,0.7112523418559963,27.829,17.466
2020-05-20,51.25,-78.25,24,5,0,0.7111361640479978,27.829,17.466
2020-05-20,51.25,-78.0,24,6,0,0.722285180856926,27.829,17.466
2020-05-20,51.25,-77.75,24,7,0,0.7257922050956916,27.829,17.466
2020-05-20,51.25,-77.5,24,8,0,0.7141059740754682,27.829,17.466
2020-05-20,51.25,-77.25,24,9,0,0.7235276853490824,27.829,17.466
2020-05-20,51.25,-77.0,24,10,0,0.7308072589661686,27.829,17.466
2020-05-20,51.25,-76.75,24,11,0,0.7200026457169448,27.829,17.466
2020-05-20,51.25,-76.5,24,12,0,0.7187775491157306,27.829,17.466
2020-05-20,51.25,-76.25,24,13,0,0.7292240908573789,27.829,17.466
2020-05-20,51.25,-76.0,24,14,0,0.722521750908303,27.829,17.466
2020-05-20,51.25,-75.75,24,15,0,0.7171106119240838,27.829,17.466
2020-05-20,51.25,-75.5,24,16,0,0.7123385841949066,27.829,17.466
2020-05-20,51.25,-75.25,24,17,0,0.7234561065798152,27.829,17.466
2020-05-20,51.25,-75.0,24,18,0,0.7213019722223794,27.829,17.466
2020-05-20,51.25,-74.75,24,19,0,0.7148388749907816,27.829,17.466
2020-05-20,51.25,-74.5,24,20,0,0.7135766215877724,27.829,17.466
2020-05-20,51.25,-74.25,24,21,0,0.7154527340135557,27.829,17.466
2020-05-20,51.25,-74.0,24,22,0,0.7203852257531927,27.829,17.466
2020-05-20,51.25,-73.75,24,23,0,0.7228403328651168,27.829,17.466
2020-05-20,51.25,-73.5,24,24,0,0.7089720643781409,27.829,17.466
2020-05-20,51.25,-73.25,24,25,0,0.6999797029203008,27.829,17.466
2020-05-20,51.25,-73.0,24,26,0,0.7083171945026843,27.829,17.466
2020-05-20,51.25,-72.75,24,27,0,0.7064279712721413,27.829,17.466
2020-05-20,51.25,-72.5,24,28,0,0.7090567279755596,27.829,17.466
2020-05-20,51.25,-72.25,24,29,0,0.6834398575624634,27.829,17.466
2020-05-20,51.25,-72.0,24,30,0,0.7001230910243417,27.829,17.466
2020-05-20,51.25,-71.75,24,31,0,0.6408081309780824,27.829,17.466
2020-05-20,51.25,-71.5,24,32,0,0.6882651876510757,27.829,17.466
2020-05-20,51.25,-71.25,24,33,0,0.6308560673066336,27.829,17.466
2020-05-20,51.25,-71.0,24,34,0,0.7058302051492624,27.829,17.466
2020-05-20,51.25,-70.75,24,35,0,0.7055913287592466,27.829,17.466
2020-05-20,51.25,-70.5,24,36,0,0.7075741804330802,27.829,17.466
2020-05-20,51.25,-70.25,24,37,0,0.7068116855107931,27.829,17.466
2020-05-20,51.25,-70.0,24,38,0,0.6997318770475762,27.829,17.466
2020-05-20,51.25,-69.75,24,39,0,0.7101215356867815,27.829,17.466
2020-05-20,51.25,-69.5,24,40,0,0.7104949859175097,27.829,17.466
2020-05-20,51.25,-69.25,24,41,0,0.6644758747297426,27.829,17.466
2020-05-20,51.25,-69.0,24,42,0,0.686874441631122,27.829,17.466
2020-05-20,51.25,-68.75,24,43,0,0.7105024983823434,27.829,17.466
2020-05-20,51.25,-68.5,24,44,0,0.5938332081809368,27.829,17.466
2020-05-20,51.25,-68.25,24,45,0,0.5442091062736509,27.829,17.466
2020-05-20,51.25,-68.0,24,46,0,0.632976802346063,27.829,17.466
2020-05-20,51.25,-67.75,24,47,0,0.6347022537833091,27.829,17.466
2020-05-20,51.25,-67.5,24,48,0,0.6328070077483943,27.829,17.466
2020-05-20,51.25,-67.25,24,49,0,0.6992613347925526,27.829,17.466
2020-05-20,51.25,-67.0,24,50,0,0.6986160570104407,27.829,17.466
2020-05-20,51.25,-66.75,24,51,0,0.6987251454077109,27.829,17.466
2020-05-20,51.25,-66.5,24,52,0,0.7130148333011085,27.829,17.466
2020-05-20,51.25,-66.25,24,53,0,0.7075680604270178,27.829,17.466
2020-05-20,51.25,-66.0,24,54,0,0.6525668696249333,27.829,17.466
2020-05-20,51.25,-65.75,24,55,0,0.5931511952323552,27.829,17.466
2020-05-20,51.25,-65.5,24,56,0,0.6140435524052203,27.829,17.466
2020-05-20,51.25,-65.25,24,57,0,0.6326959604895319,27.829,17.466
2020-05-20,51.25,-65.0,24,58,0,0.6722564843335018,27.829,17.466
2020-05-20,51.25,-64.75,24,59,0,0.6921479021949972,27.829,17.466
2020-05-20,51.25,-64.5,24,60,0,0.7065020500559899,27.829,17.466
2020-05-20,51.25,-64.25,24,61,0,0.7078494071295444,27.829,17.466
2020-05-20,51.25,-64.0,24,62,0,0.7125431131529029,27.829,17.466
2020-05-20,51.5,-79.5,25,0,0,0.4323306808683148,27.829,17.372
2020-05-20,51.5,-79.25,25,1,0,0.664017166798248,27.829,17.372
2020-05-20,51.5,-79.0,25,2,0,0.6983252573375702,27.829,17.372
2020-05-20,51.5,-78.75,25,3,0,0.7023867614287413,27.829,17.372
2020-05-20,51.5,-78.5,25,4,0,0.7089036240836335,27.829,17.372
2020-05-20,51.5,-78.25,25,5,0,0.7122829843329596,27.829,17.372
2020-05-20,51.5,-78.0,25,6,0,0.7254222331163181,27.829,17.372
2020-05-20,51.5,-77.75,25,7,0,0.7321458297168574,27.829,17.372
2020-05-20,51.5,-77.5,25,8,0,0.7330966898149086,27.829,17.372
2020-05-20,51.5,-77.25,25,9,0,0.7300850462588464,27.829,17.372
2020-05-20,51.5,-77.0,25,10,0,0.733856234186127,27.829,17.372
2020-05-20,51.5,-76.75,25,11,0,0.7193741549349014,27.829,17.372
2020-05-20,51.5,-76.5,25,12,0,0.7163547616184999,27.829,17.372
2020-05-20,51.5,-76.25,25,13,0,0.7243113487499497,27.829,17.372
2020-05-20,51.5,-76.0,25,14,0,0.722576991567133,27.829,17.372
2020-05-20,51.5,-75.75,25,15,0,0.7280180714466619,27.829,17.372
2020-05-20,51.5,-75.5,25,16,0,0.7293320530696887,27.829,17.372
2020-05-20,51.5,-75.25,25,17,0,0.7291868693684186,27.829,17.372
2020-05-20,51.5,-75.0,25,18,0,0.7257847574339413,27.829,17.372
2020-05-20,51.5,-74.75,25,19,0,0.7264345042101789,27.829,17.372
2020-05-20,51.5,-74.5,25,20,0,0.7266094019523136,27.829,17.372
2020-05-20,51.5,-74.25,25,21,0,0.7245731446670848,27.829,17.372
2020-05-20,51.5,-74.0,25,22,0,0.7292671955519436,27.829,17.372
2020-05-20,51.5,-73.75,25,23,0,0.7280468371607912,27.829,17.372
2020-05-20,51.5,-73.5,25,24,0,0.7287680195307302,27.829,17.372
2020-05-20,51.5,-73.25,25,25,0,0.7161331752627583,27.829,17.372
2020-05-20,51.5,-73.0,25,26,0,0.7146758120222998,27.829,17.372
2020-05-20,51.5,-72.75,25,27,0,0.7099293266886648,27.829,17.372
2020-05-20,51.5,-72.5,25,28,0,0.3928258794205624,27.829,17.372
2020-05-20,51.5,-72.25,25,29,0,0.6542042579654272,27.829,17.372
2020-05-20,51.5,-72.0,25,30,0,0.6385727259875821,27.829,17.372
2020-05-20,51.5,-71.75,25,31,0,0.6904704244328653,27.829,17.372
2020-05-20,51.5,-71.5,25,32,0,0.6884031628204861,27.829,17.372
2020-05-20,51.5,-71.25,25,33,0,0.7036873810365184,27.829,17.372
2020-05-20,51.5,-71.0,25,34,0,0.7007900233271765,27.829,17.372
2020-05-20,51.5,-70.75,25,35,0,0.6985415974322341,27.829,17.372
2020-05-20,51.5,-70.5,25,36,0,0.6902875336368202,27.829,17.372
2020-05-20,51.5,-70.25,25,37,0,0.6864483111571724,27.829,17.372
2020-05-20,51.5,-70.0,25,38,0,0.6934452462301102,27.829,17.372
2020-05-20,51.5,-69.75,25,39,0,0.6133129733994953,27.829,17.372
2020-05-20,51.5,-69.5,25,40,0,0.6317836408482017,27.829,17.372
2020-05-20,51.5,-69.25,25,41,0,0.6944786741593876,27.829,17.372
2020-05-20,51.5,-69.0,25,42,0,0.6861115638458057,27.829,17.372
2020-05-20,51.5,-68.75,25,43,0,0.6981849002479135,27.829,17.372
2020-05-20,51.5,-68.5,25,44,0,0.631913239658741,27.829,17.372
2020-05-20,51.5,-68.25,25,45,0,0.5973159321431635,27.829,17.372
2020-05-20,51.5,-68.0,25,46,0,0.5348703863523162,27.829,17.372
2020-05-20,51.5,-67.75,25,47,0,0.6221253743980032,27.829,17.372
2020-05-20,51.5,-67.5,25,48,0,0.6201620213460541,27.829,17.372
2020-05-20,51.5,-67.25,25,49,0,0.6913195201369171,27.829,17.372
2020-05-20,51.5,-67.0,25,50,0,0.6997892154317995,27.829,17.372
2020-05-20,51.5,-66.75,25,51,0,0.6987065210424224,27.829,17.372
2020-05-20,51.5,-66.5,25,52,0,0.6954042615444959,27.829,17.372
2020-05-20,51.5,-66.25,25,53,0,0.6946061108421628,27.829,17.372
2020-05-20,51.5,-66.0,25,54,0,0.612408435475813,27.829,17.372
2020-05-20,51.5,-65.75,25,55,0,0.6007040493616818,27.829,17.372
2020-05-20,51.5,-65.5,25,56,0,0.6032687248156297,27.829,17.372
2020-05-20,51.5,-65.25,25,57,0,0.6328040556166012,27.829,17.372
2020-05-20,51.5,-65.0,25,58,0,0.6586760225698925,27.829,17.372
2020-05-20,51.5,-64.75,25,59,0,0.6351001347660261,27.829,17.372
2020-05-20,51.5,-64.5,25,60,0,0.689601841817874,27.829,17.372
2020-05-20,51.5,-64.25,25,61,0,0.7007739020045365,27.829,17.372
2020-05-20,51.5,-64.0,25,62,0,0.7023425388501402,27.829,17.372
2020-05-20,51.75,-79.0,26,2,0,0.6926658422145013,27.829,17.277
2020-05-20,51.75,-78.75,26,3,0,0.7115917737911854,27.829,17.277
2020-05-20,51.75,-78.5,26,4,0,0.7114925502786742,27.829,17.277
2020-05-20,51.75,-78.25,26,5,0,0.7079947399170003,27.829,17.277
2020-05-20,51.75,-78.0,26,6,0,0.7139505676829264,27.829,17.277
2020-05-20,51.75,-77.75,26,7,0,0.7188512480896672,27.829,17.277
2020-05-20,51.75,-77.5,26,8,0,0.7309493338698054,27.829,17.277
2020-05-20,51.75,-77.25,26,9,0,0.7278391263879943,27.829,17.277
2020-05-20,51.75,-77.0,26,10,0,0.7288248830077414,27.829,17.277
2020-05-20,51.75,-76.75,26,11,0,0.7266558483725172,27.829,17.277
2020-05-20,51.75,-76.5,26,12,0,0.7236027555338704,27.829,17.277
2020-05-20,51.75,-76.25,26,13,0,0.711275699732004,27.829,17.277
2020-05-20,51.75,-76.0,26,14,0,0.7249119240320925,27.829,17.277
2020-05-20,51.75,-75.75,26,15,0,0.7276892282734291,27.829,17.277
2020-05-20,51.75,-75.5,26,16,0,0.7291418584015591,27.829,17.277
2020-05-20,51.75,-75.25,26,17,0,0.7332168650203755,27.829,17.277
2020-05-20,51.75,-75.0,26,18,0,0.7319432745364479,27.829,17.277
2020-05-20,51.75,-74.75,26,19,0,0.7323311455382607,27.829,17.277
2020-05-20,51.75,-74.5,26,20,0,0.7322393207090463,27.829,17.277
2020-05-20,51.75,-74.25,26,21,0,0.7310355065887034,27.829,17.277
2020-05-20,51.75,-74.0,26,22,0,0.7282149295734935,27.829,17.277
2020-05-20,51.75,-73.75,26,23,0,0.7266226595120148,27.829,17.277
2020-05-20,51.75,-73.5,26,24,0,0.7210759773194658,27.829,17.277
2020-05-20,51.75,-73.25,26,25,0,0.7218330732124785,27.829,17.277
2020-05-20,51.75,-73.0,26,26,0,0.6921016443422054,27.829,17.277
2020-05-20,51.75,-72.75,26,27,0,0.7098452176690696,27.829,17.277
2020-05-20,51.75,-72.5,26,28,0,0.7120804822069838,27.829,17.277
2020-05-20,51.75,-72.25,26,29,0,0.7009627630991754,27.829,17.277
2020-05-20,51.75,-72.0,26,30,0,0.6889261483322059,27.829,17.277
2020-05-20,51.75,-71.75,26,31,0,0.6875080514418844,27.829,17.277
2020-05-20,51.75,-71.5,26,32,0,0.6539629376944781,27.829,17.277
2020-05-20,51.75,-71.25,26,33,0,0.7048105148208499,27.829,17.277
2020-05-20,51.75,-71.0,26,34,0,0.7067200806354218,27.829,17.277
2020-05-20,51.75,-70.75,26,35,0,0.695598805742529,27.829,17.277
2020-05-20,51.75,-70.5,26,36,0,0.68949744873834,27.829,17.277
2020-05-20,51.75,-70.25,26,37,0,0.6324931070995915,27.829,17.277
2020-05-20,51.75,-70.0,26,38,0,0.6305848907264106,27.829,17.277
2020-05-20,51.75,-69.75,26,39,0,0.6421267237468138,27.829,17.277
2020-05-20,51.75,-69.5,26,40,0,0.6511232105710513,27.829,17.277
2020-05-20,51.75,-69.25,26,41,0,0.6879961780938432,27.829,17.277
2020-05-20,51.75,-69.0,26,42,0,0.6903354291009483,27.829,17.277
2020-05-20,51.75,-68.75,26,43,0,0.6499236358577655,27.829,17.277
2020-05-20,51.75,-68.5,26,44,0,0.6240608203725059,27.829,17.277
2020-05-20,51.75,-68.25,26,45,0,0.5957611012239613,27.829,17.277
2020-05-20,51.75,-68.0,26,46,0,0.5636699828590633,27.829,17.277
2020-05-20,51.75,-67.75,26,47,0,0.4520427276358839,27.829,17.277
2020-05-20,51.75,-67.5,26,48,0,0.407940072228557,27.829,17.277
2020-05-20,51.75,-67.25,26,49,0,0.5971579861363762,27.829,17.277
2020-05-20,51.75,-67.0,26,50,0,0.6299997220582212,27.829,17.277
2020-05-20,51.75,-66.75,26,51,0,0.6592282878507217,27.829,17.277
2020-05-20,51.75,-66.5,26,52,0,0.6513556507868825,27.829,17.277
2020-05-20,51.75,-66.25,26,53,0,0.7002603447303838,27.829,17.277
2020-05-20,51.75,-66.0,26,54,0,0.6983094305267821,27.829,17.277
2020-05-20,51.75,-65.75,26,55,0,0.6334372115792398,27.829,17.277
2020-05-20,51.75,-65.5,26,56,0,0.630647901760327,27.829,17.277
2020-05-20,51.75,-65.25,26,57,0,0.6422664507578812,27.829,17.277
2020-05-20,51.75,-65.0,26,58,0,0.6760633794932096,27.829,17.277
2020-05-20,51.75,-64.75,26,59,0,0.6478340079989094,27.829,17.277
2020-05-20,51.75,-64.5,26,60,0,0.6348416923429218,27.829,17.277
2020-05-20,51.75,-64.25,26,61,0,0.6334797910127242,27.829,17.277
2020-05-20,51.75,-64.0,26,62,0,0.6589925364083894,27.829,17.277
2020-05-20,52.0,-79.0,27,2,0,0.6920629896162984,27.829,17.181
2020-05-20,52.0,-78.75,27,3,0,0.7055800370156331,27.829,17.181
2020-05-20,52.0,-78.5,27,4,0,0.7093012547943415,27.829,17.181
2020-05-20,52.0,-78.25,27,5,0,0.7233210795236781,27.829,17.181
2020-05-20,52.0,-78.0,27,6,0,0.713780676976495,27.829,17.181
2020-05-20,52.0,-77.75,27,7,0,0.7293248147770776,27.829,17.181
2020-05-20,52.0,-77.5,27,8,0,0.729331287265174,27.829,17.181
2020-05-20,52.0,-77.25,27,9,0,0.7214026055562311,27.829,17.181
2020-05-20,52.0,-77.0,27,10,0,0.7218600833635755,27.829,17.181
2020-05-20,52.0,-76.75,27,11,0,0.7210808362388748,27.829,17.181
2020-05-20,52.0,-76.5,27,12,0,0.7122130032221378,27.829,17.181
2020-05-20,52.0,-76.25,27,13,0,0.7156357271282369,27.829,17.181
2020-05-20,52.0,-76.0,27,14,0,0.7297078539225118,27.829,17.181
2020-05-20,52.0,-75.75,27,15,0,0.731475690695796,27.829,17.181
2020-05-20,52.0,-75.5,27,16,0,0.7379053103137858,27.829,17.181
2020-05-20,52.0,-75.25,27,17,0,0.7095346809479699,27.829,17.181
2020-05-20,52.0,-75.0,27,18,0,0.7192189903729694,27.829,17.181
2020-05-20,52.0,-74.75,27,19,0,0.7303362954944893,27.829,17.181
2020-05-20,52.0,-74.5,27,20,0,0.7299486427974021,27.829,17.181
2020-05-20,52.0,-74.25,27,21,0,0.7302274274943538,27.829,17.181
2020-05-20,52.0,-74.0,27,22,0,0.731459481345057,27.829,17.181
2020-05-20,52.0,-73.75,27,23,0,0.7269290217160428,27.829,17.181
2020-05-20,52.0,-73.5,27,24,0,0.7300598321937646,27.829,17.181
2020-05-20,52.0,-73.25,27,25,0,0.7272085396844031,27.829,17.181
2020-05-20,52.0,-73.0,27,26,0,0.716100966847382,27.829,17.181
2020-05-20,52.0,-72.75,27,27,0,0.7136104093349253,27.829,17.181
2020-05-20,52.0,-72.5,27,28,0,0.7122310399095434,27.829,17.181
2020-05-20,52.0,-72.25,27,29,0,0.7088612902105098,27.829,17.181
2020-05-20,52.0,-72.0,27,30,0,0.7112031064060644,27.829,17.181
2020-05-20,52.0,-71.75,27,31,0,0.6333765072058016,27.829,17.181
2020-05-20,52.0,-71.5,27,32,0,0.6312913711202033,27.829,17.181
2020-05-20,52.0,-71.25,27,33,0,0.7028288580777129,27.829,17.181
2020-05-20,52.0,-71.0,27,34,0,0.7062542915546833,27.829,17.181
2020-05-20,52.0,-70.75,27,35,0,0.7103821125938246,27.829,17.181
2020-05-20,52.0,-70.5,27,36,0,0.7034262659470929,27.829,17.181
2020-05-20,52.0,-70.25,27,37,0,0.6986651623627161,27.829,17.181
2020-05-20,52.0,-70.0,27,38,0,0.6063841428445833,27.829,17.181
2020-05-20,52.0,-69.75,27,39,0,0.6259649850026601,27.829,17.181
2020-05-20,52.0,-69.5,27,40,0,0.6483216355783928,27.829,17.181
2020-05-20,52.0,-69.25,27,41,0,0.6748852360735031,27.829,17.181
2020-05-20,52.0,-69.0,27,42,0,0.6329346942949401,27.829,17.181
2020-05-20,52.0,-68.75,27,43,0,0.6144600885478487,27.829,17.181
2020-05-20,52.0,-68.5,27,44,0,0.591101490122935,27.829,17.181
2020-05-20,52.0,-68.25,27,45,0,0.488014780624495,27.829,17.181
2020-05-20,52.0,-68.0,27,46,0,0.4353922430312119,27.829,17.181
2020-05-20,52.0,-67.75,27,47,0,0.4317700660290421,27.829,17.181
2020-05-20,52.0,-67.5,27,48,0,0.3948104214129329,27.829,17.181
2020-05-20,52.0,-67.25,27,49,0,0.6133205754927284,27.829,17.181
2020-05-20,52.0,-67.0,27,50,0,0.6070765875243535,27.829,17.181
2020-05-20,52.0,-66.75,27,51,0,0.6166422173458794,27.829,17.181
2020-05-20,52.0,-66.5,27,52,0,0.6485407389443901,27.829,17.181
2020-05-20,52.0,-66.25,27,53,0,0.7014129989536448,27.829,17.181
2020-05-20,52.0,-66.0,27,54,0,0.7060490877353592,27.829,17.181
2020-05-20,52.0,-65.75,27,55,0,0.6985149414099164,27.829,17.181
2020-05-20,52.0,-65.5,27,56,0,0.6614668976094444,27.829,17.181
2020-05-20,52.0,-65.25,27,57,0,0.6500206123995701,27.829,17.181
2020-05-20,52.0,-65.0,27,58,0,0.6927115924844842,27.829,17.181
2020-05-20,52.0,-64.75,27,59,0,0.6567635130478828,27.829,17.181
2020-05-20,52.0,-64.25,27,61,0,0.6061915915307651,27.829,17.181
2020-05-20,52.0,-64.0,27,62,0,0.6257582895841004,27.829,17.181
